layer,head,delta_loss,delta_accuracy,seed,step
0,0,0.0019538402557373047,0.0,0,0
0,1,-0.005432605743408203,-0.010380618274211884,0,0
0,2,-0.0027027130126953125,0.0,0,0
0,3,0.0009698867797851562,0.0,0,0
1,0,0.0010306835174560547,0.006920415908098221,0,0
1,1,-0.0016214847564697266,0.017301037907600403,0,0
1,2,0.00154876708984375,-0.003460206091403961,0,0
1,3,0.0030341148376464844,0.006920415908098221,0,0
0,0,0.75262051820755,0.23529410362243652,0,50
0,1,0.9739346504211426,0.30103808641433716,0,50
0,2,0.5174198746681213,0.19723182916641235,0,50
0,3,0.8353096842765808,0.27681660652160645,0,50
1,0,0.3472188413143158,0.10034602880477905,0,50
1,1,0.22926214337348938,0.06228375434875488,0,50
1,2,0.25577932596206665,0.08996540307998657,0,50
1,3,0.3752310574054718,0.12456744909286499,0,50
0,0,0.8270223140716553,0.2698962092399597,0,100
0,1,1.0520303845405579,0.2837370038032532,0,100
0,2,0.5658466815948486,0.19723182916641235,0,100
0,3,0.9771941900253296,0.29411762952804565,0,100
1,0,0.301302433013916,0.0968858003616333,0,100
1,1,0.16839909553527832,0.04844290018081665,0,100
1,2,0.21129749715328217,0.07266438007354736,0,100
1,3,0.3304688632488251,0.1038062572479248,0,100
0,0,0.8794881037902087,0.2871972322463989,0,150
0,1,1.087437444133684,0.2733563780784607,0,150
0,2,0.5816855363082141,0.1937716007232666,0,150
0,3,1.012015276355669,0.30449825525283813,0,150
1,0,0.29536264459602535,0.0968858003616333,0,150
1,1,0.16922041098587215,0.04844290018081665,0,150
1,2,0.21467762510292232,0.07958477735519409,0,150
1,3,0.33553057233802974,0.1038062572479248,0,150
0,0,0.9215214729774743,0.2802768349647522,0,200
0,1,1.1199138641823083,0.2906574606895447,0,200
0,2,0.6015088439453393,0.18685120344161987,0,200
0,3,1.0482385635841638,0.30449825525283813,0,200
1,0,0.29507063631899655,0.10726642608642578,0,200
1,1,0.17002563481219113,0.04844290018081665,0,200
1,2,0.21930873696692288,0.08304500579833984,0,200
1,3,0.3432892442215234,0.1038062572479248,0,200
0,0,0.9587326420005411,0.29411762952804565,0,250
0,1,1.147933162515983,0.2871972322463989,0,250
0,2,0.6188202274497598,0.19031143188476562,0,250
0,3,1.0789317262824625,0.30449825525283813,0,250
1,0,0.2965414000209421,0.1038062572479248,0,250
1,1,0.17080443329177797,0.0449826717376709,0,250
1,2,0.2245322687085718,0.07958477735519409,0,250
1,3,0.35103327757678926,0.11072665452957153,0,250
0,0,0.9921678393147886,0.2975778579711914,0,300
0,1,1.1722449152730405,0.2802768349647522,0,300
0,2,0.6338622658513486,0.1937716007232666,0,300
0,3,1.1052240221761167,0.2975778579711914,0,300
1,0,0.29854963114485145,0.11072665452957153,0,300
1,1,0.1715714274905622,0.0449826717376709,0,300
1,2,0.22991555323824286,0.07958477735519409,0,300
1,3,0.35828248551115394,0.11418682336807251,0,300
0,0,1.022501596598886,0.29411762952804565,0,350
0,1,1.1935876695206389,0.2802768349647522,0,350
0,2,0.6470026461174712,0.19723182916641235,0,350
0,3,1.1281563130905852,0.30449825525283813,0,350
1,0,0.3007408467819914,0.11072665452957153,0,350
1,1,0.17237020411994308,0.0449826717376709,0,350
1,2,0.23527871945407242,0.07958477735519409,0,350
1,3,0.36504466214682907,0.11072665452957153,0,350
0,0,1.0502415655646473,0.2906574606895447,0,400
0,1,1.212570762494579,0.2802768349647522,0,400
0,2,0.6586200355086476,0.2006920576095581,0,400
0,3,1.1484642981085926,0.30449825525283813,0,400
1,0,0.3029876409564167,0.10726642608642578,0,400
1,1,0.17320961342193186,0.04152250289916992,0,400
1,2,0.2405259816441685,0.08304500579833984,0,400
1,3,0.37140173302032053,0.11072665452957153,0,400
0,0,1.075787917332491,0.2871972322463989,0,450
0,1,1.2296658908890095,0.29411762952804565,0,450
0,2,0.6690247809456196,0.20415222644805908,0,450
0,3,1.166681185917696,0.30449825525283813,0,450
1,0,0.30525167341693304,0.10726642608642578,0,450
1,1,0.1740857517288532,0.0449826717376709,0,450
1,2,0.2456163024471607,0.08650517463684082,0,450
1,3,0.3774319147632923,0.11072665452957153,0,450
0,0,1.0994662985322066,0.2975778579711914,0,500
0,1,1.2452183708664961,0.29411762952804565,0,500
0,2,0.6784439429757185,0.20761245489120483,0,500
0,3,1.1831850752350874,0.30449825525283813,0,500
1,0,0.3075227186200209,0.10726642608642578,0,500
1,1,0.17499441356630996,0.0449826717376709,0,500
1,2,0.25053608865709975,0.08650517463684082,0,500
1,3,0.38320035190554336,0.11418682336807251,0,500
0,0,1.1215354983287398,0.30449825525283813,0,550
0,1,1.2594974820094649,0.29411762952804565,0,550
0,2,0.6870528642612044,0.21107268333435059,0,550
0,3,1.1982683722453658,0.30449825525283813,0,550
1,0,0.3098000471072737,0.10726642608642578,0,550
1,1,0.17593096537166275,0.0449826717376709,0,550
1,2,0.25529198689037,0.08650517463684082,0,550
1,3,0.38875691933208145,0.11418682336807251,0,550
0,0,1.1422140176291578,0.30449825525283813,0,600
0,1,1.2727094466681592,0.2975778579711914,0,600
0,2,0.6949806387419812,0.20761245489120483,0,600
0,3,1.2121468360419385,0.30449825525283813,0,600
1,0,0.3120880599017255,0.11072665452957153,0,600
1,1,0.17689363908721134,0.0449826717376709,0,600
1,2,0.2598957295413129,0.08304500579833984,0,600
1,3,0.3941432709689252,0.11418682336807251,0,600
0,0,1.1616790386469802,0.30449825525283813,0,650
0,1,1.2850123735697707,0.2975778579711914,0,650
0,2,0.7023267241747817,0.21107268333435059,0,650
0,3,1.2250011059077224,0.30449825525283813,0,650
1,0,0.3143889399798354,0.11072665452957153,0,650
1,1,0.17788294875936117,0.0449826717376709,0,650
1,2,0.26436159932927694,0.08304500579833984,0,650
1,3,0.39938778603391256,0.11764705181121826,0,650
0,0,1.1800738183228532,0.3079584836959839,0,700
0,1,1.2965383139817277,0.2975778579711914,0,700
0,2,0.7091682163445512,0.21799308061599731,0,700
0,3,1.2369695512024919,0.30449825525283813,0,700
1,0,0.31670453226251993,0.11072665452957153,0,700
1,1,0.17889656698389445,0.0519031286239624,0,700
1,2,0.26870661055727396,0.08304500579833984,0,700
1,3,0.40451785003824625,0.11764705181121826,0,700
0,0,1.1975269557151478,0.31141871213912964,0,750
0,1,1.307389402500121,0.30103808641433716,0,750
0,2,0.7155687452468555,0.21453285217285156,0,750
0,3,1.2481681347999256,0.3079584836959839,0,750
1,0,0.31903877269360237,0.11072665452957153,0,750
1,1,0.17993510674568824,0.0519031286239624,0,750
1,2,0.2729448617610615,0.08996540307998657,0,750
1,3,0.40955367099377327,0.11764705181121826,0,750
0,0,1.2141366174037103,0.3079584836959839,0,800
0,1,1.3176554610545281,0.30103808641433716,0,800
0,2,0.7215867807681207,0.21453285217285156,0,800
0,3,1.2586966922099236,0.3079584836959839,0,800
1,0,0.3213941623980645,0.11072665452957153,0,800
1,1,0.1809988190943841,0.0519031286239624,0,800
1,2,0.27708806298323907,0.08996540307998657,0,800
1,3,0.4145110418612603,0.11764705181121826,0,800
0,0,1.229991578613408,0.3079584836959839,0,850
0,1,1.3274030919419602,0.30449825525283813,0,850
0,2,0.727254533325322,0.21799308061599731,0,850
0,3,1.268628382240422,0.3079584836959839,0,850
1,0,0.32377611950505525,0.11072665452957153,0,850
1,1,0.18208705738652498,0.0519031286239624,0,850
1,2,0.28114738420117646,0.09342563152313232,0,850
1,3,0.4194054837571457,0.11764705181121826,0,850
0,0,1.2451749989268137,0.31141871213912964,0,900
0,1,1.3366962620493723,0.30449825525283813,0,900
0,2,0.7326145121332956,0.21799308061599731,0,900
0,3,1.2780449339625193,0.30449825525283813,0,900
1,0,0.3261824497458292,0.11072665452957153,0,900
1,1,0.1832001456496073,0.0519031286239624,0,900
1,2,0.28513740985363256,0.09342563152313232,0,900
1,3,0.42424481599300634,0.11764705181121826,0,900
0,0,1.2597443453560118,0.3148788809776306,0,950
0,1,1.3455823055992369,0.3079584836959839,0,950
0,2,0.7376936666260008,0.21799308061599731,0,950
0,3,1.28699570815661,0.30449825525283813,0,950
1,0,0.32861694614985026,0.11072665452957153,0,950
1,1,0.1843389562855009,0.0519031286239624,0,950
1,2,0.28906285684206523,0.0968858003616333,0,950
1,3,0.4290420107136015,0.11418682336807251,0,950
0,0,1.2737633927317802,0.31833910942077637,0,1000
0,1,1.3541078312846366,0.30449825525283813,0,1000
0,2,0.7425227506610099,0.21107268333435059,0,1000
0,3,1.295532558724517,0.30103808641433716,0,1000
1,0,0.3310787125083152,0.11418682336807251,0,1000
1,1,0.18550426201545633,0.0519031286239624,0,1000
1,2,0.292937104270095,0.0968858003616333,0,1000
1,3,0.43380293683730997,0.11418682336807251,0,1000
0,0,1.287280421172909,0.3148788809776306,0,1050
0,1,1.362310151969723,0.30449825525283813,0,1050
0,2,0.7471193479650537,0.21107268333435059,0,1050
0,3,1.303702573692135,0.30103808641433716,0,1050
1,0,0.3335697757356684,0.11764705181121826,0,1050
1,1,0.18669379821949406,0.0519031286239624,0,1050
1,2,0.29676462284260197,0.0968858003616333,0,1050
1,3,0.43853406182461185,0.11764705181121826,0,1050
0,0,1.300333353181486,0.3148788809776306,0,1100
0,1,1.3702184878784465,0.30449825525283813,0,1100
0,2,0.7515124403435038,0.21107268333435059,0,1100
0,3,1.3115400992828654,0.30103808641433716,0,1100
1,0,0.3360919677215861,0.11764705181121826,0,1100
1,1,0.18791111042082775,0.0519031286239624,0,1100
1,2,0.30054912199557293,0.0968858003616333,0,1100
1,3,0.4432397209602641,0.11764705181121826,0,1100
0,0,1.3129662408900913,0.31833910942077637,0,1150
0,1,1.377866043098038,0.30449825525283813,0,1150
0,2,0.7557124629092868,0.21107268333435059,0,1150
0,3,1.319078578002518,0.30103808641433716,0,1150
1,0,0.33864827299839817,0.11764705181121826,0,1150
1,1,0.18915404225117527,0.0519031286239624,0,1150
1,2,0.304300381190842,0.0968858003616333,0,1150
1,3,0.4479287996364292,0.11764705181121826,0,1150
0,0,1.3252188721307903,0.32179927825927734,0,1200
0,1,1.3852752009042888,0.30449825525283813,0,1200
0,2,0.75974150091497,0.21107268333435059,0,1200
0,3,1.3263556519159465,0.30103808641433716,0,1200
1,0,0.3412357130655437,0.11418682336807251,0,1200
1,1,0.1904262909301906,0.0519031286239624,0,1200
1,2,0.3080235579618602,0.0968858003616333,0,1200
1,3,0.4526019850381999,0.11764705181121826,0,1200
0,0,1.3371176853397628,0.32179927825927734,0,1250
0,1,1.3924726381519577,0.3079584836959839,0,1250
0,2,0.7636141910770675,0.21107268333435059,0,1250
0,3,1.3333876266697189,0.2975778579711914,0,1250
1,0,0.3438604607799789,0.11418682336807251,0,1250
1,1,0.19172309186251368,0.0519031286239624,0,1250
1,2,0.31172169592173304,0.0968858003616333,0,1250
1,3,0.4572647049644729,0.11764705181121826,0,1250
0,0,1.3486911249274272,0.32179927825927734,0,1300
0,1,1.3994747591132182,0.31141871213912964,0,1300
0,2,0.7673416924590128,0.21107268333435059,0,1300
0,3,1.3402010393256205,0.2975778579711914,0,1300
1,0,0.3465157640093821,0.11418682336807251,0,1300
1,1,0.19304782570543466,0.05536329746246338,0,1300
1,2,0.31539600015821634,0.10034602880477905,0,1300
1,3,0.461920012246992,0.12110728025436401,0,1300
0,0,1.3599637137522222,0.32179927825927734,0,1350
0,1,1.4063031064142706,0.31141871213912964,0,1350
0,2,0.7709407197107794,0.21107268333435059,0,1350
0,3,1.3468224393000128,0.29411762952804565,0,1350
1,0,0.34921115504403133,0.11418682336807251,0,1350
1,1,0.19440124796528835,0.05536329746246338,0,1350
1,2,0.3190555261244299,0.1038062572479248,0,1350
1,3,0.46657568083901424,0.12456744909286499,0,1350
0,0,1.370955273108848,0.32179927825927734,0,1400
0,1,1.412964149909385,0.31141871213912964,0,1400
0,2,0.7744133319429238,0.21107268333435059,0,1400
0,3,1.353264614539512,0.29411762952804565,0,1400
1,0,0.3519425537160714,0.11072665452957153,0,1400
1,1,0.19578082819498377,0.05536329746246338,0,1400
1,2,0.3226968791059335,0.1038062572479248,0,1400
1,3,0.4712297167352517,0.12456744909286499,0,1400
0,0,1.3816917341391672,0.32179927825927734,0,1450
0,1,1.4194918077628245,0.31141871213912964,0,1450
0,2,0.7777832549254526,0.21107268333435059,0,1450
0,3,1.3595549266974558,0.29411762952804565,0,1450
1,0,0.3547076981703867,0.11072665452957153,0,1450
1,1,0.19718920702143805,0.05536329746246338,0,1450
1,2,0.32632873469992774,0.1038062572479248,0,1450
1,3,0.4758894246260752,0.12456744909286499,0,1450
0,0,1.3921956661215518,0.32179927825927734,0,1500
0,1,1.4258815887442324,0.31141871213912964,0,1500
0,2,0.781059348868439,0.21107268333435059,0,1500
0,3,1.3656936529150698,0.29411762952804565,0,1500
1,0,0.357514107512543,0.11072665452957153,0,1500
1,1,0.19862506716162898,0.05536329746246338,0,1500
1,2,0.32995002894313075,0.1038062572479248,0,1500
1,3,0.480548376130173,0.12456744909286499,0,1500
0,0,1.4024696038322872,0.32179927825927734,0,1550
0,1,1.4321562932091183,0.31141871213912964,0,1550
0,2,0.7842392013626522,0.20761245489120483,0,1550
0,3,1.3717055008964962,0.29411762952804565,0,1550
1,0,0.36035698514751857,0.11072665452957153,0,1550
1,1,0.2000882611828274,0.05536329746246338,0,1550
1,2,0.33355483275227016,0.1038062572479248,0,1550
1,3,0.48521998387150234,0.12456744909286499,0,1550
0,0,1.4125451616491773,0.32179927825927734,0,1600
0,1,1.4383244089331129,0.31141871213912964,0,1600
0,2,0.7873374394621351,0.20761245489120483,0,1600
0,3,1.3776013426031568,0.29411762952804565,0,1600
1,0,0.3632396332468488,0.11072665452957153,0,1600
1,1,0.20157988588471198,0.05536329746246338,0,1600
1,2,0.3371566406931379,0.1038062572479248,0,1600
1,3,0.4898994735922315,0.12456744909286499,0,1600
0,0,1.4224242753589351,0.32179927825927734,0,1650
0,1,1.44438501067998,0.31141871213912964,0,1650
0,2,0.7903641051852901,0.20761245489120483,0,1650
0,3,1.383387286146899,0.29411762952804565,0,1650
1,0,0.3661618120277126,0.11072665452957153,0,1650
1,1,0.2031012661063869,0.05536329746246338,0,1650
1,2,0.3407467491233547,0.10726642608642578,0,1650
1,3,0.49459006257893634,0.12802767753601074,0,1650
0,0,1.4321261772565776,0.32179927825927734,0,1700
0,1,1.4503611454420025,0.31141871213912964,0,1700
0,2,0.7933182248525554,0.20761245489120483,0,1700
0,3,1.3890763649396831,0.29411762952804565,0,1700
1,0,0.369121087496751,0.11072665452957153,0,1700
1,1,0.20465329081343953,0.0519031286239624,0,1700
1,2,0.3443320819787914,0.10726642608642578,0,1700
1,3,0.49929223746585194,0.12802767753601074,0,1700
0,0,1.441660034510278,0.32179927825927734,0,1750
0,1,1.456253516527795,0.31141871213912964,0,1750
0,2,0.7962176679102413,0.20761245489120483,0,1750
0,3,1.3946803687540523,0.29411762952804565,0,1750
1,0,0.37212516650834004,0.10726642608642578,0,1750
1,1,0.20623481557049672,0.0519031286239624,0,1750
1,2,0.34791110739388387,0.11072665452957153,0,1750
1,3,0.5040038107363216,0.12802767753601074,0,1750
0,0,1.4510263717820635,0.32179927825927734,0,1800
0,1,1.4620752847840777,0.3148788809776306,0,1800
0,2,0.7990604556252947,0.20761245489120483,0,1800
0,3,1.4002072132279864,0.2906574606895447,0,1800
1,0,0.37516581184172537,0.10726642608642578,0,1800
1,1,0.2078419989993563,0.05536329746246338,0,1800
1,2,0.3514869428327074,0.11072665452957153,0,1800
1,3,0.5087387478997698,0.1314879059791565,0,1800
0,0,1.4602623885657522,0.32871973514556885,0,1850
0,1,1.4678345626380178,0.3148788809776306,0,1850
0,2,0.801861078121874,0.20761245489120483,0,1850
0,3,1.405672878601763,0.2906574606895447,0,1850
1,0,0.37824863252899377,0.10726642608642578,0,1850
1,1,0.20947927294037072,0.05536329746246338,0,1850
1,2,0.35505431947967736,0.11072665452957153,0,1850
1,3,0.513489872791979,0.1314879059791565,0,1850
0,0,1.4693683216246427,0.32871973514556885,0,1900
0,1,1.4735365936430753,0.3148788809776306,0,1900
0,2,0.8046143481406034,0.20761245489120483,0,1900
0,3,1.4110684225233854,0.2906574606895447,0,1900
1,0,0.3813726434382261,0.10726642608642578,0,1900
1,1,0.21114557775581488,0.05882352590560913,0,1900
1,2,0.35861889812076697,0.11072665452957153,0,1900
1,3,0.5182559916647733,0.1314879059791565,0,1900
0,0,1.4783369260039763,0.32871973514556885,0,1950
0,1,1.4791789012160734,0.3148788809776306,0,1950
0,2,0.8073309617248015,0.20761245489120483,0,1950
0,3,1.416404362222238,0.29411762952804565,0,1950
1,0,0.38453775217203656,0.10726642608642578,0,1950
1,1,0.21284077634481946,0.05882352590560913,0,1950
1,2,0.3621825831141905,0.11072665452957153,0,1950
1,3,0.5230448799338774,0.13494807481765747,0,1950
0,0,1.4871957415307406,0.32871973514556885,0,2000
0,1,1.4847760313714389,0.3148788809776306,0,2000
0,2,0.8100147956574801,0.20761245489120483,0,2000
0,3,1.4216852301324252,0.2906574606895447,0,2000
1,0,0.3877458685601596,0.10726642608642578,0,2000
1,1,0.21456952035077848,0.06228375434875488,0,2000
1,2,0.3657406979764346,0.11072665452957153,0,2000
1,3,0.5278537386620883,0.13494807481765747,0,2000
0,0,1.4959420329760178,0.32871973514556885,0,2050
0,1,1.4903290635775193,0.3148788809776306,0,2050
0,2,0.8126703268717392,0.20761245489120483,0,2050
0,3,1.4269230729769333,0.29411762952804565,0,2050
1,0,0.39098975722299656,0.11072665452957153,0,2050
1,1,0.2163259005974396,0.06228375434875488,0,2050
1,2,0.3692919677923783,0.11072665452957153,0,2050
1,3,0.5326869851778611,0.13840830326080322,0,2050
0,0,1.5045742720867565,0.32871973514556885,0,2100
0,1,1.4958497018124035,0.3148788809776306,0,2100
0,2,0.8152984709049633,0.21107268333435059,0,2100
0,3,1.432138177802699,0.29411762952804565,0,2100
1,0,0.39427841012729914,0.11072665452957153,0,2100
1,1,0.21811548178447993,0.06574392318725586,0,2100
1,2,0.37283763592495234,0.11072665452957153,0,2100
1,3,0.5375339717174938,0.13840830326080322,0,2100
0,0,1.5131335815094644,0.32871973514556885,0,2150
0,1,1.5013365110062296,0.3148788809776306,0,2150
0,2,0.8179125746391946,0.21107268333435059,0,2150
0,3,1.4373170694016153,0.29411762952804565,0,2150
1,0,0.397610064377659,0.11418682336807251,0,2150
1,1,0.21993201576697174,0.06574392318725586,0,2150
1,2,0.3763848503731424,0.11072665452957153,0,2150
1,3,0.5424101909302408,0.13840830326080322,0,2150
0,0,1.5215861346878228,0.3321799039840698,0,2200
0,1,1.5068019178070244,0.3148788809776306,0,2200
0,2,0.820502832189959,0.21107268333435059,0,2200
0,3,1.4424600150741753,0.29411762952804565,0,2200
1,0,0.40097714926378103,0.11764705181121826,0,2200
1,1,0.22178006137983175,0.06574392318725586,0,2200
1,2,0.3799254443802056,0.11072665452957153,0,2200
1,3,0.5473112013496575,0.13840830326080322,0,2200
0,0,1.5299545492125617,0.32871973514556885,0,2250
0,1,1.5122374261809455,0.31833910942077637,0,2250
0,2,0.8230785693122016,0.21107268333435059,0,2250
0,3,1.4475749696684943,0.29411762952804565,0,2250
1,0,0.40439587487708195,0.11764705181121826,0,2250
1,1,0.2236611808730231,0.06920415163040161,0,2250
1,2,0.3834602202368842,0.11072665452957153,0,2250
1,3,0.5522380436850653,0.13840830326080322,0,2250
0,0,1.5382641283940757,0.32871973514556885,0,2300
0,1,1.5176658360433066,0.31833910942077637,0,2300
0,2,0.8256504265737021,0.21107268333435059,0,2300
0,3,1.4526798455190146,0.29411762952804565,0,2300
1,0,0.40785140079970006,0.12456744909286499,0,2300
1,1,0.22557358724588994,0.06920415163040161,0,2300
1,2,0.38700259012694005,0.11072665452957153,0,2300
1,3,0.557186278529116,0.13840830326080322,0,2300
0,0,1.5464866245638405,0.32871973514556885,0,2350
0,1,1.5230701053988014,0.31833910942077637,0,2350
0,2,0.8282083357225929,0.21107268333435059,0,2350
0,3,1.4577592695604835,0.29411762952804565,0,2350
1,0,0.41135332831254345,0.12802767753601074,0,2350
1,1,0.22751667448392254,0.06574392318725586,0,2350
1,2,0.39053306826463086,0.11418682336807251,0,2350
1,3,0.562157400931028,0.13840830326080322,0,2350
0,0,1.5546456477823085,0.3252595067024231,0,2400
0,1,1.5284693143548793,0.31833910942077637,0,2400
0,2,0.8307722113313503,0.21107268333435059,0,2400
0,3,1.462830891388876,0.29411762952804565,0,2400
1,0,0.41489588238619035,0.12802767753601074,0,2400
1,1,0.22949092604540056,0.06574392318725586,0,2400
1,2,0.3940689168157405,0.11418682336807251,0,2400
1,3,0.5671521327676601,0.14186853170394897,0,2400
0,0,1.562746671763307,0.32871973514556885,0,2450
0,1,1.5338522473248304,0.31833910942077637,0,2450
0,2,0.8333320299061597,0.21107268333435059,0,2450
0,3,1.4678979197415174,0.29411762952804565,0,2450
1,0,0.41848575862968573,0.1314879059791565,0,2450
1,1,0.23149408194149146,0.06574392318725586,0,2450
1,2,0.3975970128449262,0.11418682336807251,0,2450
1,3,0.572170762148744,0.14186853170394897,0,2450
0,0,1.570774455451101,0.32871973514556885,0,2500
0,1,1.5392334655753075,0.31833910942077637,0,2500
0,2,0.83587559022817,0.21453285217285156,0,2500
0,3,1.4729469017020165,0.2975778579711914,0,2500
1,0,0.42210706033620227,0.1314879059791565,0,2500
1,1,0.23353414692792285,0.06574392318725586,0,2500
1,2,0.4011213675967156,0.11418682336807251,0,2500
1,3,0.5772175983420311,0.14186853170394897,0,2500
0,0,1.5787597478411044,0.32871973514556885,0,2550
0,1,1.5446142734072055,0.31833910942077637,0,2550
0,2,0.8384345353624667,0.21453285217285156,0,2550
0,3,1.4780032218477572,0.30103808641433716,0,2550
1,0,0.4257819534323062,0.1314879059791565,0,2550
1,1,0.23560613701556576,0.06574392318725586,0,2550
1,2,0.4046490372202243,0.11764705181121826,0,2550
1,3,0.5822901309511508,0.14186853170394897,0,2550
0,0,1.5866895654271502,0.32871973514556885,0,2600
0,1,1.5499977805684466,0.31833910942077637,0,2600
0,2,0.8409962990353961,0.21453285217285156,0,2600
0,3,1.4830672481130023,0.30449825525283813,0,2600
1,0,0.4294937887261767,0.1314879059791565,0,2600
1,1,0.23771593356832454,0.06574392318725586,0,2600
1,2,0.4081650116513629,0.11764705181121826,0,2600
1,3,0.5873914101193805,0.14532870054244995,0,2600
0,0,1.5945813148300658,0.32871973514556885,0,2650
0,1,1.5553601472656737,0.31833910942077637,0,2650
0,2,0.843564101962329,0.21453285217285156,0,2650
0,3,1.48811895540166,0.30449825525283813,0,2650
1,0,0.43325901916432485,0.1314879059791565,0,2650
1,1,0.23985662451195822,0.07266438007354736,0,2650
1,2,0.4116886048595916,0.11764705181121826,0,2650
1,3,0.592520663050891,0.14532870054244995,0,2650
0,0,1.6024385657274252,0.3252595067024231,0,2700
0,1,1.5607587065660482,0.3252595067024231,0,2700
0,2,0.8461561169588094,0.21453285217285156,0,2700
0,3,1.4931834902727132,0.30449825525283813,0,2700
1,0,0.43705290221805626,0.1314879059791565,0,2700
1,1,0.24203428291912132,0.07266438007354736,0,2700
1,2,0.4152150120698934,0.11764705181121826,0,2700
1,3,0.5976858105623251,0.14532870054244995,0,2700
0,0,1.6102307007131458,0.3252595067024231,0,2750
0,1,1.5661546156225086,0.32871973514556885,0,2750
0,2,0.8487387463865161,0.21453285217285156,0,2750
0,3,1.4982462093648792,0.30103808641433716,0,2750
1,0,0.4408891067323566,0.13494807481765747,0,2750
1,1,0.2442394063291431,0.07266438007354736,0,2750
1,2,0.4187388882455707,0.11764705181121826,0,2750
1,3,0.6028790638265491,0.14532870054244995,0,2750
0,0,1.6180035910310835,0.3252595067024231,0,2800
0,1,1.571551187962541,0.32871973514556885,0,2800
0,2,0.8513445100488752,0.21453285217285156,0,2800
0,3,1.503317578763017,0.30449825525283813,0,2800
1,0,0.44477771136189403,0.13494807481765747,0,2800
1,1,0.24648171576882305,0.07266438007354736,0,2800
1,2,0.4222675106229872,0.11764705181121826,0,2800
1,3,0.6080799541177839,0.14532870054244995,0,2800
0,0,1.6257552361148555,0.3252595067024231,0,2850
0,1,1.5769806360858638,0.32871973514556885,0,2850
0,2,0.8539660429614742,0.21453285217285156,0,2850
0,3,1.5084156250613887,0.30449825525283813,0,2850
1,0,0.4487189507144649,0.13494807481765747,0,2850
1,1,0.24876138624131272,0.07266438007354736,0,2850
1,2,0.42579858061253617,0.11764705181121826,0,2850
1,3,0.6133194422382076,0.1487889289855957,0,2850
0,0,1.6334628673957923,0.3252595067024231,0,2900
0,1,1.58240624393693,0.32871973514556885,0,2900
0,2,0.8566022130416968,0.21453285217285156,0,2900
0,3,1.513515076296244,0.3079584836959839,0,2900
1,0,0.4527040335105994,0.13494807481765747,0,2900
1,1,0.25107794131508854,0.07266438007354736,0,2900
1,2,0.42932578052750614,0.11764705181121826,0,2900
1,3,0.6185736271308997,0.1487889289855957,0,2900
0,0,1.6411752361091203,0.3252595067024231,0,2950
0,1,1.5878554242881364,0.32871973514556885,0,2950
0,2,0.859234299066884,0.21453285217285156,0,2950
0,3,1.5186200994285173,0.3079584836959839,0,2950
1,0,0.45670452297054,0.13494807481765747,0,2950
1,1,0.25342922985873884,0.07266438007354736,0,2950
1,2,0.4328644233974046,0.11764705181121826,0,2950
1,3,0.6238721865447587,0.15224915742874146,0,2950
0,0,1.648820702019293,0.3252595067024231,0,3000
0,1,1.593332354012091,0.3252595067024231,0,3000
0,2,0.8618789948850463,0.21453285217285156,0,3000
0,3,1.5237335600286315,0.3079584836959839,0,3000
1,0,0.4607765116124938,0.13494807481765747,0,3000
1,1,0.25582638758714893,0.07612454891204834,0,3000
1,2,0.436383757773001,0.11764705181121826,0,3000
1,3,0.6292036809354613,0.15224915742874146,0,3000
0,0,1.6564837799633096,0.3252595067024231,0,3050
0,1,1.5988371477687906,0.3252595067024231,0,3050
0,2,0.8645754561985086,0.21453285217285156,0,3050
0,3,1.528889428194816,0.3079584836959839,0,3050
1,0,0.46489296418076265,0.13840830326080322,0,3050
1,1,0.258258085068519,0.07612454891204834,0,3050
1,2,0.4399356947506021,0.11764705181121826,0,3050
1,3,0.6345510588253092,0.15224915742874146,0,3050
0,0,1.664141122255387,0.3252595067024231,0,3100
0,1,1.604348961267533,0.3252595067024231,0,3100
0,2,0.867275957021775,0.21453285217285156,0,3100
0,3,1.5340428985691688,0.3079584836959839,0,3100
1,0,0.46904406324392767,0.13840830326080322,0,3100
1,1,0.2607247270680091,0.07958477735519409,0,3100
1,2,0.4434714950657508,0.11764705181121826,0,3100
1,3,0.639931146059098,0.15570932626724243,0,3100
0,0,1.6717847158743098,0.3252595067024231,0,3150
0,1,1.6098789741827204,0.32179927825927734,0,3150
0,2,0.8700213005377009,0.21453285217285156,0,3150
0,3,1.5391977598501398,0.3079584836959839,0,3150
1,0,0.47323735259305977,0.13840830326080322,0,3150
1,1,0.2632368376089289,0.08650517463684082,0,3150
1,2,0.4470139016939356,0.11764705181121826,0,3150
1,3,0.6453423073126032,0.15570932626724243,0,3150
0,0,1.679411733222878,0.3252595067024231,0,3200
0,1,1.6154327035674214,0.32179927825927734,0,3200
0,2,0.8727556706198811,0.21107268333435059,0,3200
0,3,1.5443876624831319,0.3079584836959839,0,3200
1,0,0.47747277624694107,0.13840830326080322,0,3200
1,1,0.26576926715461013,0.08650517463684082,0,3200
1,2,0.450574868989861,0.11764705181121826,0,3200
1,3,0.6507669330367207,0.15570932626724243,0,3200
0,0,1.6870159386962769,0.3252595067024231,0,3250
0,1,1.6210211991638062,0.3252595067024231,0,3250
0,2,0.8755330323547241,0.21107268333435059,0,3250
0,3,1.5496081590026733,0.3079584836959839,0,3250
1,0,0.4817756890624878,0.13840830326080322,0,3250
1,1,0.2683469235271332,0.08650517463684082,0,3250
1,2,0.45413054817618104,0.11764705181121826,0,3250
1,3,0.6562490343421814,0.15570932626724243,0,3250
0,0,1.6946074989082263,0.3252595067024231,0,3300
0,1,1.6266570117713854,0.3252595067024231,0,3300
0,2,0.8783102061988757,0.21107268333435059,0,3300
0,3,1.5548472430946276,0.3079584836959839,0,3300
1,0,0.48609647419471,0.14186853170394897,0,3300
1,1,0.270954849982445,0.08650517463684082,0,3300
1,2,0.457671615147774,0.11764705181121826,0,3300
1,3,0.6617593791725085,0.15570932626724243,0,3300
0,0,1.7021834344614035,0.32871973514556885,0,3350
0,1,1.6322864980447775,0.3252595067024231,0,3350
0,2,0.8811243862855918,0.21107268333435059,0,3350
0,3,1.5601351947534567,0.3079584836959839,0,3350
1,0,0.4904878527868277,0.14186853170394897,0,3350
1,1,0.27361873695735994,0.08996540307998657,0,3350
1,2,0.4612358004796988,0.11764705181121826,0,3350
1,3,0.6672785372484213,0.15916955471038818,0,3350
0,0,1.7097866318090382,0.32871973514556885,0,3400
0,1,1.637992121921343,0.32871973514556885,0,3400
0,2,0.8840225717885914,0.21107268333435059,0,3400
0,3,1.5654607794149342,0.3079584836959839,0,3400
1,0,0.4949250898225728,0.14186853170394897,0,3400
1,1,0.27632067416743666,0.08996540307998657,0,3400
1,2,0.46481371735171706,0.11764705181121826,0,3400
1,3,0.6728366992338124,0.15916955471038818,0,3400
0,0,1.7173817134444107,0.32871973514556885,0,3450
0,1,1.6436891532484879,0.32871973514556885,0,3450
0,2,0.886858758980452,0.21453285217285156,0,3450
0,3,1.570782063061415,0.3079584836959839,0,3450
1,0,0.4993799305502762,0.14186853170394897,0,3450
1,1,0.2790549076144089,0.08996540307998657,0,3450
1,2,0.46837687259358063,0.11764705181121826,0,3450
1,3,0.6784381843153824,0.1660899519920349,0,3450
0,0,1.7250024102268071,0.32871973514556885,0,3500
0,1,1.6494317076740117,0.3321799039840698,0,3500
0,2,0.8897916696605535,0.21453285217285156,0,3500
0,3,1.5761225245532842,0.3079584836959839,0,3500
1,0,0.5039166234073491,0.14186853170394897,0,3500
1,1,0.28183788281057787,0.0968858003616333,0,3500
1,2,0.4719741962489934,0.11764705181121826,0,3500
1,3,0.6840679667529912,0.1660899519920349,0,3500
0,0,1.7326137930103869,0.32871973514556885,0,3550
0,1,1.655197849864635,0.3356401324272156,0,3550
0,2,0.8926810532757372,0.21453285217285156,0,3550
0,3,1.5815118461796374,0.3079584836959839,0,3550
1,0,0.5084494262882799,0.14532870054244995,0,3550
1,1,0.2846740692802996,0.0968858003616333,0,3550
1,2,0.4755508214184374,0.12110728025436401,0,3550
1,3,0.6897053629108996,0.1660899519920349,0,3550
0,0,1.7402362412231014,0.32871973514556885,0,3600
0,1,1.661058623196368,0.3356401324272156,0,3600
0,2,0.8956706708686397,0.21453285217285156,0,3600
0,3,1.5869170016067073,0.3079584836959839,0,3600
1,0,0.5130822247283504,0.14532870054244995,0,3600
1,1,0.28755458057094074,0.0968858003616333,0,3600
1,2,0.4791711753623531,0.12110728025436401,0,3600
1,3,0.6954087203757808,0.1660899519920349,0,3600
0,0,1.7478440200920886,0.32871973514556885,0,3650
0,1,1.6668930446739978,0.3356401324272156,0,3650
0,2,0.8986738717194385,0.21453285217285156,0,3650
0,3,1.5923628008004016,0.3079584836959839,0,3650
1,0,0.5177169239159412,0.14532870054244995,0,3650
1,1,0.2904538309212512,0.10034602880477905,0,3650
1,2,0.48276946898658935,0.12110728025436401,0,3650
1,3,0.7011221444245166,0.1660899519920349,0,3650
0,0,1.7555186514500747,0.32871973514556885,0,3700
0,1,1.6728150610570083,0.3321799039840698,0,3700
0,2,0.9016904596928725,0.21453285217285156,0,3700
0,3,1.5978286032323012,0.3079584836959839,0,3700
1,0,0.5224092964772353,0.14532870054244995,0,3700
1,1,0.2934092943314681,0.10034602880477905,0,3700
1,2,0.48638299747744895,0.12110728025436401,0,3700
1,3,0.7068744067792068,0.1660899519920349,0,3700
0,0,1.7631490602834674,0.32871973514556885,0,3750
0,1,1.6787480488164874,0.3321799039840698,0,3750
0,2,0.9047664776189777,0.21453285217285156,0,3750
0,3,1.6032917871816608,0.3148788809776306,0,3750
1,0,0.5271676555021259,0.14532870054244995,0,3750
1,1,0.2964095845563861,0.10034602880477905,0,3750
1,2,0.48999098685817444,0.12456744909286499,0,3750
1,3,0.7126590981824847,0.16955018043518066,0,3750
0,0,1.7708566870405775,0.32871973514556885,0,3800
0,1,1.6847434725477797,0.3321799039840698,0,3800
0,2,0.9078651752188307,0.21453285217285156,0,3800
0,3,1.608796783895741,0.3148788809776306,0,3800
1,0,0.5319183554365736,0.14532870054244995,0,3800
1,1,0.2994531478598219,0.1038062572479248,0,3800
1,2,0.4936455275728804,0.12456744909286499,0,3800
1,3,0.7184628333761793,0.16955018043518066,0,3800
0,0,1.7785895775023164,0.3321799039840698,0,3850
0,1,1.6907373378935517,0.3321799039840698,0,3850
0,2,0.9109824608030976,0.21453285217285156,0,3850
0,3,1.6143548200789155,0.3148788809776306,0,3850
1,0,0.536782712763852,0.14532870054244995,0,3850
1,1,0.302559376782483,0.1038062572479248,0,3850
1,2,0.49727067453295604,0.12456744909286499,0,3850
1,3,0.7242884944143952,0.16955018043518066,0,3850
0,0,1.7862802596273468,0.3321799039840698,0,3900
0,1,1.6968213172140167,0.3356401324272156,0,3900
0,2,0.9141006322088288,0.21453285217285156,0,3900
0,3,1.6199202389898346,0.3148788809776306,0,3900
1,0,0.541636988657956,0.15224915742874146,0,3900
1,1,0.3056554050626801,0.1038062572479248,0,3900
1,2,0.5009181351842926,0.12456744909286499,0,3900
1,3,0.7302001567068146,0.16955018043518066,0,3900
0,0,1.7940434032670964,0.3321799039840698,0,3950
0,1,1.7029623800508489,0.3356401324272156,0,3950
0,2,0.9173124843828191,0.21453285217285156,0,3950
0,3,1.625536304115485,0.3148788809776306,0,3950
1,0,0.5465795212976445,0.15224915742874146,0,3950
1,1,0.3088728898756017,0.1038062572479248,0,3950
1,2,0.5045859628908147,0.12802767753601074,0,3950
1,3,0.736122470497321,0.16955018043518066,0,3950
0,0,1.8018349079884501,0.3321799039840698,0,4000
0,1,1.7090663580693217,0.3356401324272156,0,4000
0,2,0.9204901723660441,0.21453285217285156,0,4000
0,3,1.6311643986500712,0.3148788809776306,0,4000
1,0,0.551593986014268,0.15224915742874146,0,4000
1,1,0.3121029107369395,0.1038062572479248,0,4000
1,2,0.5082358388699504,0.1314879059791565,0,4000
1,3,0.7420223026074382,0.16955018043518066,0,4000
0,0,1.8096129395871685,0.3356401324272156,0,4050
0,1,1.7153238751798199,0.3356401324272156,0,4050
0,2,0.9237240054517315,0.21453285217285156,0,4050
0,3,1.6368545987515972,0.3148788809776306,0,4050
1,0,0.5566059448628948,0.15224915742874146,0,4050
1,1,0.315339366426997,0.11072665452957153,0,4050
1,2,0.5119171240239666,0.1314879059791565,0,4050
1,3,0.74803073190742,0.16955018043518066,0,4050
0,0,1.8174846465899464,0.3356401324272156,0,4100
0,1,1.721524744780254,0.3356401324272156,0,4100
0,2,0.9269460733248707,0.21453285217285156,0,4100
0,3,1.642563849241924,0.3148788809776306,0,4100
1,0,0.5616704519106861,0.15224915742874146,0,4100
1,1,0.3186776037528034,0.11418682336807251,0,4100
1,2,0.5156024391963001,0.1314879059791565,0,4100
1,3,0.7540089185549732,0.17301040887832642,0,4100
0,0,1.8253694670256664,0.3356401324272156,0,4150
0,1,1.7277798550185253,0.3321799039840698,0,4150
0,2,0.9302785890158702,0.21453285217285156,0,4150
0,3,1.648299922233491,0.31833910942077637,0,4150
1,0,0.5667804377135326,0.15224915742874146,0,4150
1,1,0.32208453584280505,0.11418682336807251,0,4150
1,2,0.5193128483351757,0.1314879059791565,0,4150
1,3,0.7600426571425487,0.1764705777168274,0,4150
0,0,1.8332427154964535,0.3356401324272156,0,4200
0,1,1.7341582189983455,0.3356401324272156,0,4200
0,2,0.933619142670068,0.21453285217285156,0,4200
0,3,1.6540829550212948,0.31833910942077637,0,4200
1,0,0.5719568144268123,0.15224915742874146,0,4200
1,1,0.3255062114185421,0.11418682336807251,0,4200
1,2,0.5229883800930111,0.13494807481765747,0,4200
1,3,0.7660982023662655,0.1764705777168274,0,4200
0,0,1.841087456864443,0.3356401324272156,0,4250
0,1,1.7405265533152487,0.3356401324272156,0,4250
0,2,0.936943467778292,0.21453285217285156,0,4250
0,3,1.6598788463297751,0.31833910942077637,0,4250
1,0,0.5771597587290671,0.15224915742874146,0,4250
1,1,0.32895120613011386,0.11418682336807251,0,4250
1,2,0.5267062150660422,0.13494807481765747,0,4250
1,3,0.7722548209849265,0.1764705777168274,0,4250
0,0,1.849131870078054,0.3356401324272156,0,4300
0,1,1.7469033477773337,0.3356401324272156,0,4300
0,2,0.9403928397168784,0.21453285217285156,0,4300
0,3,1.6656873701085715,0.31833910942077637,0,4300
1,0,0.5824225423803,0.15224915742874146,0,4300
1,1,0.33247958402535005,0.11764705181121826,0,4300
1,2,0.53047101478478,0.13494807481765747,0,4300
1,3,0.778333174990621,0.1764705777168274,0,4300
0,0,1.8570956916255454,0.3356401324272156,0,4350
0,1,1.7534240216655235,0.3356401324272156,0,4350
0,2,0.9438693851870994,0.21453285217285156,0,4350
0,3,1.6715204448146324,0.31833910942077637,0,4350
1,0,0.5877223939342002,0.15224915742874146,0,4350
1,1,0.33608141845888895,0.12110728025436401,0,4350
1,2,0.5342105955523948,0.13494807481765747,0,4350
1,3,0.7845518917483787,0.1764705777168274,0,4350
0,0,1.865022070730447,0.3425605297088623,0,4400
0,1,1.759904153669595,0.3356401324272156,0,4400
0,2,0.9472936466581814,0.21453285217285156,0,4400
0,3,1.6773744896299831,0.3148788809776306,0,4400
1,0,0.5930730775244228,0.15224915742874146,0,4400
1,1,0.3397189453489773,0.12110728025436401,0,4400
1,2,0.5379116609938137,0.13494807481765747,0,4400
1,3,0.7907399609930508,0.1764705777168274,0,4400
0,0,1.873099477280448,0.3425605297088623,0,4450
0,1,1.766540319908927,0.33910036087036133,0,4450
0,2,0.9508266758812169,0.21453285217285156,0,4450
0,3,1.6833464217079381,0.3148788809776306,0,4450
1,0,0.5984894347084264,0.1487889289855957,0,4450
1,1,0.34341180442697805,0.12110728025436401,0,4450
1,2,0.5416807246101598,0.13494807481765747,0,4450
1,3,0.7970196914566259,0.1764705777168274,0,4450
0,0,1.8811557734743474,0.3425605297088623,0,4500
0,1,1.7731513226763127,0.33910036087036133,0,4500
0,2,0.954421683622968,0.21799308061599731,0,4500
0,3,1.6893629277483342,0.3148788809776306,0,4500
1,0,0.6039663995043156,0.1487889289855957,0,4500
1,1,0.347160085512769,0.12110728025436401,0,4500
1,2,0.5454674804941533,0.13494807481765747,0,4500
1,3,0.8032761061922429,0.1764705777168274,0,4500
0,0,1.8893246057132274,0.3425605297088623,0,4550
0,1,1.7798503043750316,0.3425605297088623,0,4550
0,2,0.9580276610950023,0.21799308061599731,0,4550
0,3,1.6953797938922435,0.3148788809776306,0,4550
1,0,0.6094839575389415,0.15224915742874146,0,4550
1,1,0.3509397211173564,0.12456744909286499,0,4550
1,2,0.5492831471065074,0.13494807481765747,0,4550
1,3,0.8095853927234202,0.1764705777168274,0,4550
0,0,1.8974600494520928,0.34602075815200806,0,4600
0,1,1.7866026819365288,0.3425605297088623,0,4600
0,2,0.9616677225249077,0.21799308061599731,0,4600
0,3,1.7013683975355889,0.3148788809776306,0,4600
1,0,0.6150518119948174,0.15570932626724243,0,4600
1,1,0.35475472217967763,0.12456744909286499,0,4600
1,2,0.5530833662169243,0.13494807481765747,0,4600
1,3,0.81600142127445,0.1764705777168274,0,4600
0,0,1.9056686782050747,0.34602075815200806,0,4650
0,1,1.7934229993034023,0.3425605297088623,0,4650
0,2,0.9654027842689175,0.21799308061599731,0,4650
0,3,1.7073515080619472,0.3148788809776306,0,4650
1,0,0.6206860565353054,0.15916955471038818,0,4650
1,1,0.3586817406821865,0.12802767753601074,0,4650
1,2,0.5568867944884914,0.13840830326080322,0,4650
1,3,0.8223851942229885,0.1764705777168274,0,4650
0,0,1.913815311117105,0.34602075815200806,0,4700
0,1,1.800335816068582,0.3425605297088623,0,4700
0,2,0.9690266167353911,0.21799308061599731,0,4700
0,3,1.7135052000712676,0.31833910942077637,0,4700
1,0,0.6263311421107574,0.16262978315353394,0,4700
1,1,0.36262275926583243,0.12802767753601074,0,4700
1,2,0.5607179319094939,0.13840830326080322,0,4700
1,3,0.8288410817813201,0.1764705777168274,0,4700
0,0,1.922153983183307,0.34602075815200806,0,4750
0,1,1.8073360062317079,0.3425605297088623,0,4750
0,2,0.9727537966446107,0.21799308061599731,0,4750
0,3,1.7196954823211854,0.31833910942077637,0,4750
1,0,0.6320570445732301,0.16262978315353394,0,4750
1,1,0.3665906823352998,0.12802767753601074,0,4750
1,2,0.5645511484817689,0.13840830326080322,0,4750
1,3,0.8353100753502076,0.17993080615997314,0,4750
0,0,1.9304849025193107,0.34602075815200806,0,4800
0,1,1.814314734596337,0.34602075815200806,0,4800
0,2,0.9765784856263053,0.21799308061599731,0,4800
0,3,1.7257651206437004,0.31833910942077637,0,4800
1,0,0.6377834197464836,0.16262978315353394,0,4800
1,1,0.37071366276177287,0.1314879059791565,0,4800
1,2,0.5684289452019584,0.13494807481765747,0,4800
1,3,0.8418285366478813,0.18339097499847412,0,4800
0,0,1.9388602860963147,0.34602075815200806,0,4850
0,1,1.8213965781724255,0.34602075815200806,0,4850
0,2,0.9803892859017651,0.21799308061599731,0,4850
0,3,1.7319776900803845,0.31833910942077637,0,4850
1,0,0.6436157115495007,0.16262978315353394,0,4850
1,1,0.3747997470891278,0.1314879059791565,0,4850
1,2,0.5722947605645459,0.13494807481765747,0,4850
1,3,0.8484440930878918,0.18339097499847412,0,4850
0,0,1.9471828364453359,0.34602075815200806,0,4900
0,1,1.8285724543652577,0.34602075815200806,0,4900
0,2,0.98425793877459,0.21799308061599731,0,4900
0,3,1.7382717751584096,0.31833910942077637,0,4900
1,0,0.6495773815236134,0.1660899519920349,0,4900
1,1,0.37897196641779374,0.1314879059791565,0,4900
1,2,0.5761806987843556,0.13494807481765747,0,4900
1,3,0.8550723218045277,0.18685120344161987,0,4900
0,0,1.955640699651667,0.34602075815200806,0,4950
0,1,1.835775639799067,0.34602075815200806,0,4950
0,2,0.9881253502635445,0.21799308061599731,0,4950
0,3,1.7444885037211861,0.31833910942077637,0,4950
1,0,0.6554979942111459,0.1660899519920349,0,4950
1,1,0.38321938731951377,0.1314879059791565,0,4950
1,2,0.5800565145282235,0.13494807481765747,0,4950
1,3,0.8617130778102364,0.18685120344161987,0,4950
0,0,1.964215730739852,0.34602075815200806,0,5000
0,1,1.8429839363825522,0.34602075815200806,0,5000
0,2,0.9922594180834494,0.21799308061599731,0,5000
0,3,1.750745510174056,0.31833910942077637,0,5000
1,0,0.6615274301302634,0.1660899519920349,0,5000
1,1,0.38754484565379244,0.1314879059791565,0,5000
1,2,0.5840325704348288,0.13494807481765747,0,5000
1,3,0.86841759593608,0.18685120344161987,0,5000
