component,layer,index,delta_loss,delta_accuracy,seed,step
head,0,0,-0.004046201705932617,0.0,1,0
head,0,1,-0.002470254898071289,-0.003460206091403961,1,0
head,0,2,0.007899999618530273,0.0,1,0
head,0,3,-0.0068302154541015625,0.0,1,0
mlp_group,0,0,-0.002590656280517578,-0.003460206091403961,1,0
mlp_group,0,1,0.004730701446533203,-0.003460206091403961,1,0
mlp_group,0,2,-0.0028693675994873047,0.0,1,0
mlp_group,0,3,0.0019989013671875,0.0,1,0
mlp_group,0,4,-0.0028007030487060547,0.0,1,0
mlp_group,0,5,-0.011758565902709961,0.0,1,0
mlp_group,0,6,0.002538442611694336,0.0,1,0
mlp_group,0,7,-0.0023577213287353516,0.0,1,0
head,1,0,-0.0008511543273925781,0.0,1,0
head,1,1,-0.007094144821166992,0.0,1,0
head,1,2,0.0040514469146728516,0.0,1,0
head,1,3,-0.004287242889404297,-0.003460206091403961,1,0
mlp_group,1,0,-0.0022149085998535156,0.0,1,0
mlp_group,1,1,-0.003542661666870117,0.0,1,0
mlp_group,1,2,0.0031218528747558594,0.0,1,0
mlp_group,1,3,-0.0013589859008789062,0.0,1,0
mlp_group,1,4,0.0011789798736572266,0.0,1,0
mlp_group,1,5,0.002798795700073242,0.0,1,0
mlp_group,1,6,-0.001367807388305664,0.0,1,0
mlp_group,1,7,0.00017714500427246094,-0.003460206091403961,1,0
head,0,0,0.5226415824145079,0.16262978315353394,1,100
head,0,1,0.7663739155977964,0.21799308061599731,1,100
head,0,2,0.7698871921747923,0.23875433206558228,1,100
head,0,3,0.8970754574984312,0.23183393478393555,1,100
mlp_group,0,0,0.0022545810788869858,0.0,1,100
mlp_group,0,1,0.0005878917872905731,0.0,1,100
mlp_group,0,2,0.0019736308604478836,0.0,1,100
mlp_group,0,3,0.0007455653976649046,0.0,1,100
mlp_group,0,4,0.005083072930574417,0.0,1,100
mlp_group,0,5,0.004096423741430044,0.0,1,100
mlp_group,0,6,0.0030486397445201874,0.0,1,100
mlp_group,0,7,0.0009692427702248096,0.0,1,100
head,1,0,0.15619139187037945,0.05536329746246338,1,100
head,1,1,0.30576531402766705,0.10034602880477905,1,100
head,1,2,0.7407268714159727,0.21453285217285156,1,100
head,1,3,0.31142313592135906,0.07612454891204834,1,100
mlp_group,1,0,0.0008654023986309767,0.0,1,100
mlp_group,1,1,0.0007069299463182688,0.0,1,100
mlp_group,1,2,0.001221303828060627,0.0,1,100
mlp_group,1,3,0.0009999722242355347,0.0,1,100
mlp_group,1,4,0.0009035919792950153,0.0,1,100
mlp_group,1,5,0.0012451205402612686,0.0,1,100
mlp_group,1,6,0.001263524405658245,0.0,1,100
mlp_group,1,7,0.0016267439350485802,0.0,1,100
head,0,0,0.50949575251434,0.15916955471038818,1,200
head,0,1,0.8319729740032926,0.24221456050872803,1,200
head,0,2,0.8275877410778776,0.24221456050872803,1,200
head,0,3,0.9803643400082365,0.24913495779037476,1,200
mlp_group,0,0,0.0014690199168398976,0.0,1,200
mlp_group,0,1,0.0003030714578926563,0.0,1,200
mlp_group,0,2,0.0028517033206298947,0.0,1,200
mlp_group,0,3,0.00045265688095241785,0.0,1,200
mlp_group,0,4,0.004239065223373473,0.0,1,200
mlp_group,0,5,0.0019816808635368943,0.0,1,200
mlp_group,0,6,0.0038497407222166657,0.003460228443145752,1,200
mlp_group,0,7,0.0006514204433187842,0.0,1,200
head,1,0,0.1717441255459562,0.05882352590560913,1,200
head,1,1,0.30826364702079445,0.11764705181121826,1,200
head,1,2,0.8158385331043974,0.23875433206558228,1,200
head,1,3,0.3215987557778135,0.07958477735519409,1,200
mlp_group,1,0,0.00044495193287730217,0.0,1,200
mlp_group,1,1,0.0003595941234380007,0.0,1,200
mlp_group,1,2,0.0007057018810883164,0.0,1,200
mlp_group,1,3,0.0005462955450639129,0.0,1,200
mlp_group,1,4,0.0004613189958035946,0.0,1,200
mlp_group,1,5,0.0007076432229951024,0.0,1,200
mlp_group,1,6,0.0006574064027518034,0.0,1,200
mlp_group,1,7,0.0009236898040398955,0.0,1,200
head,0,0,0.5071411113603972,0.14532870054244995,1,300
head,0,1,0.8851464371546172,0.24221456050872803,1,300
head,0,2,0.8559620957239531,0.245674729347229,1,300
head,0,3,1.0341092328890227,0.2560553550720215,1,300
mlp_group,0,0,0.0011920278775505722,0.0,1,300
mlp_group,0,1,0.00020548549946397543,0.0,1,300
mlp_group,0,2,0.0038682999438606203,0.0,1,300
mlp_group,0,3,0.00033696548780426383,0.0,1,300
mlp_group,0,4,0.004340363142546266,0.0,1,300
mlp_group,0,5,0.001462364278268069,0.0,1,300
mlp_group,0,6,0.004913846438284963,0.003460228443145752,1,300
mlp_group,0,7,0.0005866510909982026,0.0,1,300
head,1,0,0.1832059304579161,0.06228375434875488,1,300
head,1,1,0.31633484171470627,0.13494807481765747,1,300
head,1,2,0.8757398109300993,0.2560553550720215,1,300
head,1,3,0.330190954671707,0.07958477735519409,1,300
mlp_group,1,0,0.0002927666646428406,0.0,1,300
mlp_group,1,1,0.00023256067652255297,0.0,1,300
mlp_group,1,2,0.0005028005107305944,0.0,1,300
mlp_group,1,3,0.00036927516339346766,0.0,1,300
mlp_group,1,4,0.00030196475563570857,0.0,1,300
mlp_group,1,5,0.0004987200372852385,0.0,1,300
mlp_group,1,6,0.00043583131628111005,0.0,1,300
mlp_group,1,7,0.0006420142599381506,0.0,1,300
head,0,0,0.5098897654970642,0.14186853170394897,1,400
head,0,1,0.9308451254328247,0.245674729347229,1,400
head,0,2,0.8748655755480286,0.25259512662887573,1,400
head,0,3,1.072950049157953,0.25951558351516724,1,400
mlp_group,0,0,0.0010636675579007715,0.0,1,400
mlp_group,0,1,0.00015518374857492745,0.0,1,400
mlp_group,0,2,0.00496062109596096,0.0,1,400
mlp_group,0,3,0.0002740904747042805,0.0,1,400
mlp_group,0,4,0.0046167954278644174,0.0,1,400
mlp_group,0,5,0.001208193221827969,0.0,1,400
mlp_group,0,6,0.005801947176223621,0.003460228443145752,1,400
mlp_group,0,7,0.0005814580654259771,0.0,1,400
head,1,0,0.19173926007351838,0.06574392318725586,1,400
head,1,1,0.32909895371994935,0.13494807481765747,1,400
head,1,2,0.9262713630159851,0.2802768349647522,1,400
head,1,3,0.34013126682839356,0.07958477735519409,1,400
mlp_group,1,0,0.00021449619089253247,0.0,1,400
mlp_group,1,1,0.00016932605649344623,0.0,1,400
mlp_group,1,2,0.0003905648773070425,0.0,1,400
mlp_group,1,3,0.0002761474752333015,0.0,1,400
mlp_group,1,4,0.00022098791669122875,0.0,1,400
mlp_group,1,5,0.0003855678078252822,0.0,1,400
mlp_group,1,6,0.00032139322138391435,0.0,1,400
mlp_group,1,7,0.0004892913566436619,0.0,1,400
head,0,0,0.5158506159496028,0.1487889289855957,1,500
head,0,1,0.9707117204379756,0.25259512662887573,1,500
head,0,2,0.8914057736110408,0.25259512662887573,1,500
head,0,3,1.1054747228336055,0.25951558351516724,1,500
mlp_group,0,0,0.0009992395353037864,0.0,1,500
mlp_group,0,1,0.00012507796054705977,0.0,1,500
mlp_group,0,2,0.006164733582409099,0.0,1,500
mlp_group,0,3,0.0002358777855988592,0.0,1,500
mlp_group,0,4,0.005016344861360267,0.0,1,500
mlp_group,0,5,0.0010597755026537925,0.0,1,500
mlp_group,0,6,0.006569685210706666,0.003460228443145752,1,500
mlp_group,0,7,0.0006039478757884353,0.0,1,500
head,1,0,0.19920594737050124,0.05882352590560913,1,500
head,1,1,0.3438419227313716,0.13840830326080322,1,500
head,1,2,0.9703794841479976,0.27681660652160645,1,500
head,1,3,0.35027612492558546,0.07958477735519409,1,500
mlp_group,1,0,0.00016779752331785858,0.0,1,500
mlp_group,1,1,0.0001318510330747813,0.0,1,500
mlp_group,1,2,0.000319546990795061,0.0,1,500
mlp_group,1,3,0.00021924395696260035,0.0,1,500
mlp_group,1,4,0.00017298528109677136,0.0,1,500
mlp_group,1,5,0.00031489625689573586,0.0,1,500
mlp_group,1,6,0.00025200124946422875,0.0,1,500
mlp_group,1,7,0.00039493959047831595,0.0,1,500
head,0,0,0.5233218829671387,0.15916955471038818,1,600
head,0,1,1.0056258003751282,0.24913495779037476,1,600
head,0,2,0.9066652219335083,0.24913495779037476,1,600
head,0,3,1.1340143244306091,0.26643598079681396,1,600
mlp_group,0,0,0.0009683606040198356,0.0,1,600
mlp_group,0,1,0.00010522943921387196,0.0,1,600
mlp_group,0,2,0.007479978405172005,0.003460228443145752,1,600
mlp_group,0,3,0.0002105076564475894,0.0,1,600
mlp_group,0,4,0.005513184383744374,0.0,1,600
mlp_group,0,5,0.0009663350938353688,0.0,1,600
mlp_group,0,6,0.007231719471747056,0.003460228443145752,1,600
mlp_group,0,7,0.000643654988380149,0.0,1,600
head,1,0,0.20602384317317046,0.05882352590560913,1,600
head,1,1,0.3590860824624542,0.13494807481765747,1,600
head,1,2,1.0094325106183533,0.2802768349647522,1,600
head,1,3,0.36018465567030944,0.07958477735519409,1,600
mlp_group,1,0,0.00013705930905416608,0.0,1,600
mlp_group,1,1,0.00010734054376371205,0.0,1,600
mlp_group,1,2,0.0002708636166062206,0.0,1,600
mlp_group,1,3,0.00018115289276465774,0.0,1,600
mlp_group,1,4,0.0001415472652297467,0.0,1,600
mlp_group,1,5,0.00026662161690182984,0.0,1,600
mlp_group,1,6,0.0002059338439721614,0.0,1,600
mlp_group,1,7,0.00033132635871879756,0.0,1,600
head,0,0,0.5314993099309504,0.15916955471038818,1,700
head,0,1,1.0362950400449336,0.25259512662887573,1,700
head,0,2,0.9210553602315485,0.24221456050872803,1,700
head,0,3,1.159550888929516,0.26643598079681396,1,700
mlp_group,0,0,0.0009561137994751334,0.0,1,700
mlp_group,0,1,9.12216491997242e-05,0.0,1,700
mlp_group,0,2,0.008866788353770971,0.0069203972816467285,1,700
mlp_group,0,3,0.00019261371926404536,0.0,1,700
mlp_group,0,4,0.00608407985419035,0.0,1,700
mlp_group,0,5,0.0009047230705618858,0.0,1,700
mlp_group,0,6,0.007795955520123243,0.003460228443145752,1,700
mlp_group,0,7,0.0006941917818039656,0.0,1,700
head,1,0,0.21232087770476937,0.05882352590560913,1,700
head,1,1,0.37428186694160104,0.13840830326080322,1,700
head,1,2,1.044445259962231,0.2837370038032532,1,700
head,1,3,0.3697629407979548,0.08650517463684082,1,700
mlp_group,1,0,0.0001154423807747662,0.0,1,700
mlp_group,1,1,9.018849232234061e-05,0.0,1,700
mlp_group,1,2,0.00023559926194138825,0.0,1,700
mlp_group,1,3,0.00015404669102281332,0.0,1,700
mlp_group,1,4,0.00011951761553063989,0.0,1,700
mlp_group,1,5,0.00023153217625804245,0.0,1,700
mlp_group,1,6,0.0001733458775561303,0.0,1,700
mlp_group,1,7,0.0002857751096598804,0.0,1,700
head,0,0,0.5399351043743081,0.16262978315353394,1,800
head,0,1,1.0634199304622598,0.2629757523536682,1,800
head,0,2,0.9348090810817666,0.245674729347229,1,800
head,0,3,1.1827130241435952,0.2698962092399597,1,800
mlp_group,0,0,0.0009543811320327222,0.0,1,800
mlp_group,0,1,8.085102308541536e-05,0.0,1,800
mlp_group,0,2,0.010288503777701408,0.0069203972816467285,1,800
mlp_group,0,3,0.00017943955026566982,0.0,1,800
mlp_group,0,4,0.006714477494824678,0.0,1,800
mlp_group,0,5,0.0008631672826595604,0.0,1,800
mlp_group,0,6,0.008275483560282737,0.003460228443145752,1,800
mlp_group,0,7,0.0007517796475440264,0.0,1,800
head,1,0,0.2181750608724542,0.05882352590560913,1,800
head,1,1,0.3892124815029092,0.14532870054244995,1,800
head,1,2,1.0761896295589395,0.2837370038032532,1,800
head,1,3,0.37898855638923123,0.08650517463684082,1,800
mlp_group,1,0,9.94760193862021e-05,0.0,1,800
mlp_group,1,1,7.757835555821657e-05,0.0,1,800
mlp_group,1,2,0.00020897347712889314,0.0,1,800
mlp_group,1,3,0.00013383416808210313,0.0,1,800
mlp_group,1,4,0.00010327951167710125,0.0,1,800
mlp_group,1,5,0.00020484434207901359,0.0,1,800
mlp_group,1,6,0.0001491930743213743,0.0,1,800
mlp_group,1,7,0.00025166355771943927,0.0,1,800
head,0,0,0.5483702003548387,0.1660899519920349,1,900
head,0,1,1.0876395880768541,0.2698962092399597,1,900
head,0,2,0.9480707227776293,0.245674729347229,1,900
head,0,3,1.2039733111450914,0.2698962092399597,1,900
mlp_group,0,0,0.0009586485393811017,0.0,1,900
mlp_group,0,1,7.291582005564123e-05,0.0,1,900
mlp_group,0,2,0.011713614832842723,0.0069203972816467285,1,900
mlp_group,0,3,0.00016943688387982547,0.0,1,900
mlp_group,0,4,0.007394948654109612,0.003460228443145752,1,900
mlp_group,0,5,0.0008350358402822167,0.0,1,900
mlp_group,0,6,0.008683581050718203,0.003460228443145752,1,900
mlp_group,0,7,0.0008139392884913832,0.0,1,900
head,1,0,0.22365300651290454,0.05882352590560913,1,900
head,1,1,0.4038050949166063,0.14532870054244995,1,900
head,1,2,1.1052546679566149,0.2837370038032532,1,900
head,1,3,0.3878730713913683,0.08650517463684082,1,900
mlp_group,1,0,8.726560918148607e-05,0.0,1,900
mlp_group,1,1,6.79389777360484e-05,0.0,1,900
mlp_group,1,2,0.0001882814394775778,0.0,1,900
mlp_group,1,3,0.00011824403190985322,0.0,1,900
mlp_group,1,4,9.086431236937642e-05,0.0,1,900
mlp_group,1,5,0.0001838881871663034,0.0,1,900
mlp_group,1,6,0.00013063583173789084,0.0,1,900
mlp_group,1,7,0.00022528154659084976,0.0,1,900
head,0,0,0.5566624321654672,0.1660899519920349,1,1000
head,0,1,1.1094791807845468,0.2698962092399597,1,1000
head,0,2,0.9609408297255868,0.245674729347229,1,1000
head,0,3,1.2236804880812997,0.2733563780784607,1,1000
mlp_group,0,0,0.0009663379896664992,0.0,1,1000
mlp_group,0,1,6.662364467047155e-05,0.0,1,1000
mlp_group,0,2,0.013125795187079348,0.0069203972816467285,1,1000
mlp_group,0,3,0.00016163986583705992,0.0,1,1000
mlp_group,0,4,0.008119360791170038,0.003460228443145752,1,1000
mlp_group,0,5,0.0008163789316313341,0.0,1,1000
mlp_group,0,6,0.009032636196934618,0.003460228443145752,1,1000
mlp_group,0,7,0.0008790530409896746,0.0,1,1000
head,1,0,0.2288069643691415,0.06228375434875488,1,1000
head,1,1,0.41805597326310817,0.14532870054244995,1,1000
head,1,2,1.1321031965926522,0.2871972322463989,1,1000
head,1,3,0.39644303104432765,0.08996540307998657,1,1000
mlp_group,1,0,7.760740118101239e-05,0.0,1,1000
mlp_group,1,1,6.033403042238206e-05,0.0,1,1000
mlp_group,1,2,0.00017176174151245505,0.0,1,1000
mlp_group,1,3,0.00010583153925836086,0.0,1,1000
mlp_group,1,4,8.105329470708966e-05,0.0,1,1000
mlp_group,1,5,0.00016694060468580574,0.0,1,1000
mlp_group,1,6,0.00011593646195251495,0.0,1,1000
mlp_group,1,7,0.00020428923016879708,0.0,1,1000
head,0,0,0.5647413447586587,0.15916955471038818,1,1100
head,0,1,1.1293678596703103,0.2733563780784607,1,1100
head,0,2,0.9734863951889565,0.24221456050872803,1,1100
head,0,3,1.2421139791695168,0.2733563780784607,1,1100
mlp_group,0,0,0.0009761021792655811,0.0,1,1100
mlp_group,0,1,6.155116716399789e-05,0.0,1,1100
mlp_group,0,2,0.01451008916774299,0.0069203972816467285,1,1100
mlp_group,0,3,0.00015546703070867807,0.0,1,1100
mlp_group,0,4,0.008883384623914026,0.003460228443145752,1,1100
mlp_group,0,5,0.0008046965085668489,0.0,1,1100
mlp_group,0,6,0.009333540321676992,0.003460228443145752,1,1100
mlp_group,0,7,0.0009460865840082988,0.0,1,1100
head,1,0,0.23368524164834525,0.06228375434875488,1,1100
head,1,1,0.43197253496327903,0.14532870054244995,1,1100
head,1,2,1.1570896223274758,0.2871972322463989,1,1100
head,1,3,0.4047317519871285,0.09342563152313232,1,1100
mlp_group,1,0,6.982918421272188e-05,0.0,1,1100
mlp_group,1,1,5.4212810937315226e-05,0.0,1,1100
mlp_group,1,2,0.00015835666272323579,0.0,1,1100
mlp_group,1,3,9.57424781518057e-05,0.0,1,1100
mlp_group,1,4,7.313519017770886e-05,0.0,1,1100
mlp_group,1,5,0.0001529739674879238,0.0,1,1100
mlp_group,1,6,0.00010404124623164535,0.0,1,1100
mlp_group,1,7,0.00018726142297964543,0.0,1,1100
head,0,0,0.5725891064357711,0.15916955471038818,1,1200
head,0,1,1.14765072571754,0.2733563780784607,1,1200
head,0,2,0.9857730935764266,0.245674729347229,1,1200
head,0,3,1.2594904969882919,0.2698962092399597,1,1200
mlp_group,0,0,0.0009874301467789337,0.0,1,1200
mlp_group,0,1,5.7381243095733225e-05,0.0,1,1200
mlp_group,0,2,0.01586070800840389,0.0069203972816467285,1,1200
mlp_group,0,3,0.00015051003720145673,0.0,1,1200
mlp_group,0,4,0.00968202254443895,0.003460228443145752,1,1200
mlp_group,0,5,0.0007983012910699472,0.0,1,1200
mlp_group,0,6,0.009594436312909238,0.003460228443145752,1,1200
mlp_group,0,7,0.001014111257973127,0.0,1,1200
head,1,0,0.23832914936065208,0.06228375434875488,1,1200
head,1,1,0.44558189022063743,0.1487889289855957,1,1200
head,1,2,1.1805062364292098,0.29411762952804565,1,1200
head,1,3,0.41277185785293113,0.09342563152313232,1,1200
mlp_group,1,0,6.34327152511105e-05,0.0,1,1200
mlp_group,1,1,4.918714694213122e-05,0.0,1,1200
mlp_group,1,2,0.00014731021656189114,0.0,1,1200
mlp_group,1,3,8.739950135350227e-05,0.0,1,1200
mlp_group,1,4,6.662457599304616e-05,0.0,1,1200
mlp_group,1,5,0.000141255630296655,0.0,1,1200
mlp_group,1,6,9.423984738532454e-05,0.0,1,1200
mlp_group,1,7,0.00017322659550700337,0.0,1,1200
head,0,0,0.5802021958224941,0.16262978315353394,1,1300
head,0,1,1.1645995714061428,0.2733563780784607,1,1300
head,0,2,0.9978363253467251,0.245674729347229,1,1300
head,0,3,1.2759991027705837,0.2733563780784607,1,1300
mlp_group,0,0,0.000999933952698484,0.0,1,1300
mlp_group,0,1,5.3893818403594196e-05,0.0,1,1300
mlp_group,0,2,0.017174098669784144,0.0069203972816467285,1,1300
mlp_group,0,3,0.00014645747432950884,0.0,1,1300
mlp_group,0,4,0.010512874490814283,0.003460228443145752,1,1300
mlp_group,0,5,0.0007960869988892227,0.0,1,1300
mlp_group,0,6,0.00982351231505163,0.003460228443145752,1,1300
mlp_group,0,7,0.0010828414524439722,0.0,1,1300
head,1,0,0.2427669503085781,0.06228375434875488,1,1300
head,1,1,0.45890847223927267,0.15224915742874146,1,1300
head,1,2,1.202600512682693,0.29411762952804565,1,1300
head,1,3,0.4205899574153591,0.0968858003616333,1,1300
mlp_group,1,0,5.806397530250251e-05,0.0,1,1300
mlp_group,1,1,4.499219357967377e-05,0.0,1,1300
mlp_group,1,2,0.00013809477968607098,0.0,1,1300
mlp_group,1,3,8.036321378313005e-05,0.0,1,1300
mlp_group,1,4,6.115602445788682e-05,0.0,1,1300
mlp_group,1,5,0.00013126630801707506,0.0,1,1300
mlp_group,1,6,8.600059663876891e-05,0.0,1,1300
mlp_group,1,7,0.00016146691632457078,0.0,1,1300
head,0,0,0.587593961667153,0.15916955471038818,1,1400
head,0,1,1.1804376730433432,0.27681660652160645,1,1400
head,0,2,1.009706486176583,0.24913495779037476,1,1400
head,0,3,1.2917621025553672,0.27681660652160645,1,1400
mlp_group,0,0,0.0010138093930436298,0.0,1,1400
mlp_group,0,1,5.0937640480697155e-05,0.0,1,1400
mlp_group,0,2,0.018448796283337288,0.0069203972816467285,1,1400
mlp_group,0,3,0.0001430878764949739,0.0,1,1400
mlp_group,0,4,0.011371091168257408,0.003460228443145752,1,1400
mlp_group,0,5,0.0007972690946189687,0.0,1,1400
mlp_group,0,6,0.010026381511124782,0.003460228443145752,1,1400
mlp_group,0,7,0.001151664342614822,0.0,1,1400
head,1,0,0.2470384875050513,0.06228375434875488,1,1400
head,1,1,0.47197838516149204,0.15570932626724243,1,1400
head,1,2,1.2235447058192221,0.29411762952804565,1,1400
head,1,3,0.4282228538504569,0.1038062572479248,1,1400
mlp_group,1,0,5.351274739950895e-05,0.0,1,1400
mlp_group,1,1,4.141636600252241e-05,0.0,1,1400
mlp_group,1,2,0.00013029927504248917,0.0,1,1400
mlp_group,1,3,7.43559212423861e-05,0.0,1,1400
mlp_group,1,4,5.648758087772876e-05,0.0,1,1400
mlp_group,1,5,0.0001226381864398718,0.0,1,1400
mlp_group,1,6,7.898977492004633e-05,0.0,1,1400
mlp_group,1,7,0.00015147571684792638,0.0,1,1400
head,0,0,0.5947706811857643,0.16262978315353394,1,1500
head,0,1,1.1953576319647254,0.27681660652160645,1,1500
head,0,2,1.0214210265112342,0.24913495779037476,1,1500
head,0,3,1.306926321311039,0.2802768349647522,1,1500
mlp_group,0,0,0.0010292686783941463,0.0,1,1500
mlp_group,0,1,4.840607289224863e-05,0.0,1,1500
mlp_group,0,2,0.019690888075274415,0.0069203972816467285,1,1500
mlp_group,0,3,0.00014025255222804844,0.0,1,1500
mlp_group,0,4,0.012254136687261052,0.003460228443145752,1,1500
mlp_group,0,5,0.0008012965699890628,0.0,1,1500
mlp_group,0,6,0.010206210499745794,0.003460228443145752,1,1500
mlp_group,0,7,0.0012202508078189567,0.0,1,1500
head,1,0,0.2511552982759895,0.06228375434875488,1,1500
head,1,1,0.48481826118950266,0.15570932626724243,1,1500
head,1,2,1.243528794570011,0.2975778579711914,1,1500
head,1,3,0.4356947653723182,0.10726642608642578,1,1500
mlp_group,1,0,4.959442594554275e-05,0.0,1,1500
mlp_group,1,1,3.8352591218426824e-05,0.0,1,1500
mlp_group,1,2,0.00012370019976515323,0.0,1,1500
mlp_group,1,3,6.917701102793217e-05,0.0,1,1500
mlp_group,1,4,5.247007356956601e-05,0.0,1,1500
mlp_group,1,5,0.0001151246833615005,0.0,1,1500
mlp_group,1,6,7.295570685528219e-05,0.0,1,1500
mlp_group,1,7,0.000142934441100806,0.0,1,1500
head,0,0,0.6017647744811256,0.17301040887832642,1,1600
head,0,1,1.2094918252623756,0.2871972322463989,1,1600
head,0,2,1.0329967500365456,0.24913495779037476,1,1600
head,0,3,1.3215651275313576,0.2802768349647522,1,1600
mlp_group,0,0,0.0010465228187968023,0.0,1,1600
mlp_group,0,1,4.6226559788919985e-05,0.0,1,1600
mlp_group,0,2,0.02089697548217373,0.0069203972816467285,1,1600
mlp_group,0,3,0.0001378327506245114,0.0,1,1600
mlp_group,0,4,0.01315850351966219,0.0069203972816467285,1,1600
mlp_group,0,5,0.0008077574384515174,0.0,1,1600
mlp_group,0,6,0.010367964925535489,0.003460228443145752,1,1600
mlp_group,0,7,0.0012882253577117808,0.0,1,1600
head,1,0,0.2551488937533577,0.06574392318725586,1,1600
head,1,1,0.4974530996478279,0.15570932626724243,1,1600
head,1,2,1.2626563073790749,0.30103808641433716,1,1600
head,1,3,0.44302103535301285,0.10726642608642578,1,1600
mlp_group,1,0,4.618154343916103e-05,0.0,1,1600
mlp_group,1,1,3.56969831045717e-05,0.0,1,1600
mlp_group,1,2,0.00011804223322542384,0.0,1,1600
mlp_group,1,3,6.466911145253107e-05,0.0,1,1600
mlp_group,1,4,4.897370672551915e-05,0.0,1,1600
mlp_group,1,5,0.0001084895120584406,0.0,1,1600
mlp_group,1,6,6.7701876105275e-05,0.0,1,1600
mlp_group,1,7,0.0001355418426101096,0.0,1,1600
head,0,0,0.6085957095456251,0.17301040887832642,1,1700
head,0,1,1.22298888419391,0.2871972322463989,1,1700
head,0,2,1.0444670126271376,0.24913495779037476,1,1700
head,0,3,1.3357869789433607,0.2837370038032532,1,1700
mlp_group,0,0,0.001065797983756056,0.0,1,1700
mlp_group,0,1,4.430296758073382e-05,0.0,1,1700
mlp_group,0,2,0.022077056808484485,0.0069203972816467285,1,1700
mlp_group,0,3,0.00013571184172178619,0.0,1,1700
mlp_group,0,4,0.014082345409406116,0.01038062572479248,1,1700
mlp_group,0,5,0.0008163409620465245,0.0,1,1700
mlp_group,0,6,0.01051347632528632,0.003460228443145752,1,1700
mlp_group,0,7,0.0013554854049289133,0.0,1,1700
head,1,0,0.25902817700625747,0.06574392318725586,1,1700
head,1,1,0.5099077627492079,0.15570932626724243,1,1700
head,1,2,1.2810639545750746,0.2975778579711914,1,1700
head,1,3,0.4502265856099257,0.11072665452957153,1,1700
mlp_group,1,0,4.318594073993154e-05,0.0,1,1700
mlp_group,1,1,3.336088775540702e-05,0.0,1,1700
mlp_group,1,2,0.00011316394011373632,0.0,1,1700
mlp_group,1,3,6.067641152185388e-05,0.0,1,1700
mlp_group,1,4,4.589043601299636e-05,0.0,1,1700
mlp_group,1,5,0.00010257260510115884,0.0,1,1700
mlp_group,1,6,6.306878276518546e-05,0.0,1,1700
mlp_group,1,7,0.00012909905854030512,0.0,1,1700
head,0,0,0.6152651004413201,0.17301040887832642,1,1800
head,0,1,1.2359403066257073,0.2837370038032532,1,1800
head,0,2,1.0558427266696526,0.25259512662887573,1,1800
head,0,3,1.3496477298358514,0.2837370038032532,1,1800
mlp_group,0,0,0.001087594839191297,0.0,1,1800
mlp_group,0,1,4.2626754293451086e-05,0.0,1,1800
mlp_group,0,2,0.023232962183101336,0.0069203972816467285,1,1800
mlp_group,0,3,0.0001338227630185429,0.0,1,1800
mlp_group,0,4,0.015024235650344053,0.01038062572479248,1,1800
mlp_group,0,5,0.0008268227138614748,0.0,1,1800
mlp_group,0,6,0.010647569961292902,0.003460228443145752,1,1800
mlp_group,0,7,0.0014224441874830518,0.0,1,1800
head,1,0,0.26281067653690116,0.06574392318725586,1,1800
head,1,1,0.5222113422969414,0.15916955471038818,1,1800
head,1,2,1.2988264255145623,0.30449825525283813,1,1800
head,1,3,0.4573248021224572,0.11072665452957153,1,1800
mlp_group,1,0,4.053712109453045e-05,0.0,1,1800
mlp_group,1,1,3.1305989978136495e-05,0.0,1,1800
mlp_group,1,2,0.00010895662489929236,0.0,1,1800
mlp_group,1,3,5.7134679082082585e-05,0.0,1,1800
mlp_group,1,4,4.31530897913035e-05,0.0,1,1800
mlp_group,1,5,9.728066288516857e-05,0.0,1,1800
mlp_group,1,6,5.897525625186972e-05,0.0,1,1800
mlp_group,1,7,0.00012343174967099912,0.0,1,1800
head,0,0,0.6217819026678626,0.17301040887832642,1,1900
head,0,1,1.248427884933335,0.2837370038032532,1,1900
head,0,2,1.0671345165937964,0.25259512662887573,1,1900
head,0,3,1.3632154635160987,0.2837370038032532,1,1900
mlp_group,0,0,0.0011120067683805246,0.0,1,1900
mlp_group,0,1,4.113604882149957e-05,0.0,1,1900
mlp_group,0,2,0.024367859867197694,0.0069203972816467285,1,1900
mlp_group,0,3,0.0001321027120866347,0.0,1,1900
mlp_group,0,4,0.015977120307070436,0.01038062572479248,1,1900
mlp_group,0,5,0.0008391232004214544,0.0,1,1900
mlp_group,0,6,0.01076878728417796,0.003460228443145752,1,1900
mlp_group,0,7,0.0014880295384500641,0.0,1,1900
head,1,0,0.26650972878633183,0.06574392318725586,1,1900
head,1,1,0.5343790224760596,0.15916955471038818,1,1900
head,1,2,1.3160169295042579,0.30449825525283813,1,1900
head,1,3,0.46432580268083257,0.11072665452957153,1,1900
mlp_group,1,0,3.8168280298123136e-05,0.0,1,1900
mlp_group,1,1,2.9482816898962483e-05,0.0,1,1900
mlp_group,1,2,0.00010531694351811893,0.0,1,1900
mlp_group,1,3,5.39589709660504e-05,0.0,1,1900
mlp_group,1,4,4.0694027120480314e-05,0.0,1,1900
mlp_group,1,5,9.25066888157744e-05,0.0,1,1900
mlp_group,1,6,5.531212445930578e-05,0.0,1,1900
mlp_group,1,7,0.00011844808250316419,0.0,1,1900
head,0,0,0.6281652340439905,0.1764705777168274,1,2000
head,0,1,1.2605352887658228,0.2871972322463989,1,2000
head,0,2,1.078366805031692,0.25951558351516724,1,2000
head,0,3,1.3765572795418848,0.2837370038032532,1,2000
mlp_group,0,0,0.0011392987107683439,0.0,1,2000
mlp_group,0,1,3.983951683039777e-05,0.0,1,2000
mlp_group,0,2,0.025487724855338456,0.0069203972816467285,1,2000
mlp_group,0,3,0.0001305362857237924,0.0,1,2000
mlp_group,0,4,0.01694225908795488,0.01038062572479248,1,2000
mlp_group,0,5,0.0008532389656465966,0.0,1,2000
mlp_group,0,6,0.010881881393288495,0.003460228443145752,1,2000
mlp_group,0,7,0.001553103491460206,0.0,1,2000
head,1,0,0.2701370903996576,0.06228375434875488,1,2000
head,1,1,0.5464244970826257,0.15916955471038818,1,2000
head,1,2,1.3327166327981104,0.30449825525283813,1,2000
head,1,3,0.4712612518815149,0.11072665452957153,1,2000
mlp_group,1,0,3.6050132621312514e-05,0.0,1,2000
mlp_group,1,1,2.7847239834954962e-05,0.0,1,2000
mlp_group,1,2,0.00010217556337011047,0.0,1,2000
mlp_group,1,3,5.112005237606354e-05,0.0,1,2000
mlp_group,1,4,3.849060522043146e-05,0.0,1,2000
mlp_group,1,5,8.817400157568045e-05,0.0,1,2000
mlp_group,1,6,5.20302819495555e-05,0.0,1,2000
mlp_group,1,7,0.00011401823212509044,0.0,1,2000
head,0,0,0.6344282657737494,0.1764705777168274,1,2100
head,0,1,1.2722978622550727,0.2906574606895447,1,2100
head,0,2,1.0895320207710029,0.25951558351516724,1,2100
head,0,3,1.3897026807899238,0.2837370038032532,1,2100
mlp_group,0,0,0.0011696111541823484,0.0,1,2100
mlp_group,0,1,3.8643549487460405e-05,0.0,1,2100
mlp_group,0,2,0.026592632093525026,0.0069203972816467285,1,2100
mlp_group,0,3,0.00012905525363748893,0.0,1,2100
mlp_group,0,4,0.01791729898104677,0.01038062572479248,1,2100
mlp_group,0,5,0.0008688667803653516,0.0,1,2100
mlp_group,0,6,0.010988492787873838,0.003460228443145752,1,2100
mlp_group,0,7,0.0016178191071958281,0.0,1,2100
head,1,0,0.2736941904659034,0.06228375434875488,1,2100
head,1,1,0.5583590895766974,0.15916955471038818,1,2100
head,1,2,1.3489912778968574,0.3079584836959839,1,2100
head,1,3,0.4781366617316962,0.11072665452957153,1,2100
mlp_group,1,0,3.4127471735700965e-05,0.0,1,2100
mlp_group,1,1,2.6377027097623795e-05,0.0,1,2100
mlp_group,1,2,9.944184421328828e-05,0.0,1,2100
mlp_group,1,3,4.8544156015850604e-05,0.0,1,2100
mlp_group,1,4,3.647523408289999e-05,0.0,1,2100
mlp_group,1,5,8.41954824863933e-05,0.0,1,2100
mlp_group,1,6,4.904196975985542e-05,0.0,1,2100
mlp_group,1,7,0.00011006270506186411,0.0,1,2100
head,0,0,0.6405690500469063,0.1764705777168274,1,2200
head,0,1,1.2837930509776925,0.2975778579711914,1,2200
head,0,2,1.1006862709255074,0.25951558351516724,1,2200
head,0,3,1.402715165349946,0.2837370038032532,1,2200
mlp_group,0,0,0.0012030462457914837,0.0,1,2200
mlp_group,0,1,3.7559344491455704e-05,0.0,1,2200
mlp_group,0,2,0.027694015014276374,0.0069203972816467285,1,2200
mlp_group,0,3,0.00012760741083184257,0.0,1,2200
mlp_group,0,4,0.018900960865721572,0.01038062572479248,1,2200
mlp_group,0,5,0.0008860717716743238,0.0,1,2200
mlp_group,0,6,0.011086318823799957,0.003460228443145752,1,2200
mlp_group,0,7,0.0016812098401715048,0.0,1,2200
head,1,0,0.27718706819723593,0.06228375434875488,1,2200
head,1,1,0.5702026674480294,0.15916955471038818,1,2200
head,1,2,1.364868838521943,0.31141871213912964,1,2200
head,1,3,0.48494322988699423,0.11072665452957153,1,2200
mlp_group,1,0,3.23854255839251e-05,0.0,1,2200
mlp_group,1,1,2.504123403923586e-05,0.0,1,2200
mlp_group,1,2,9.70366018009372e-05,0.0,1,2200
mlp_group,1,3,4.618924140231684e-05,0.0,1,2200
mlp_group,1,4,3.463841130724177e-05,0.0,1,2200
mlp_group,1,5,8.053978672251105e-05,0.0,1,2200
mlp_group,1,6,4.633567004930228e-05,0.0,1,2200
mlp_group,1,7,0.0001065184551407583,0.0,1,2200
head,0,0,0.6465978402993642,0.17993080615997314,1,2300
head,0,1,1.2950808782479726,0.2975778579711914,1,2300
head,0,2,1.11179564188933,0.2560553550720215,1,2300
head,0,3,1.4156328220269643,0.2837370038032532,1,2300
mlp_group,0,0,0.0012400198611430824,0.0,1,2300
mlp_group,0,1,3.6595098208636045e-05,0.0,1,2300
mlp_group,0,2,0.028794506972189993,0.0069203972816467285,1,2300
mlp_group,0,3,0.0001262129662791267,0.0,1,2300
mlp_group,0,4,0.019887274538632482,0.01038062572479248,1,2300
mlp_group,0,5,0.0009049487998709083,0.0,1,2300
mlp_group,0,6,0.011178669927176088,0.003460228443145752,1,2300
mlp_group,0,7,0.0017440749215893447,0.0,1,2300
head,1,0,0.28063906024908647,0.06228375434875488,1,2300
head,1,1,0.5819782991311513,0.16262978315353394,1,2300
head,1,2,1.3804087419412099,0.3079584836959839,1,2300
head,1,3,0.4917075414559804,0.11072665452957153,1,2300
mlp_group,1,0,3.078521694988012e-05,0.0,1,2300
mlp_group,1,1,2.383490209467709e-05,0.0,1,2300
mlp_group,1,2,9.499239968135953e-05,0.0,1,2300
mlp_group,1,3,4.4037144107278436e-05,0.0,1,2300
mlp_group,1,4,3.29574104398489e-05,0.0,1,2300
mlp_group,1,5,7.718224514974281e-05,0.0,1,2300
mlp_group,1,6,4.385445936350152e-05,0.0,1,2300
mlp_group,1,7,0.00010334175021853298,0.0,1,2300
head,0,0,0.6525348656177812,0.1764705777168274,1,2400
head,0,1,1.3061663739681535,0.30103808641433716,1,2400
head,0,2,1.122872077703505,0.2560553550720215,1,2400
head,0,3,1.428466641187697,0.2906574606895447,1,2400
mlp_group,0,0,0.001280689688428538,0.0,1,2400
mlp_group,0,1,3.570386252249591e-05,0.0,1,2400
mlp_group,0,2,0.029894047260313528,0.0069203972816467285,1,2400
mlp_group,0,3,0.0001247724321729038,0.0,1,2400
mlp_group,0,4,0.020884581685095327,0.01038062572479248,1,2400
mlp_group,0,5,0.000925394724617945,0.0,1,2400
mlp_group,0,6,0.011266044184594648,0.003460228443145752,1,2400
mlp_group,0,7,0.0018057326851703692,0.0,1,2400
head,1,0,0.2840362124443345,0.06228375434875488,1,2400
head,1,1,0.5936728351116471,0.16262978315353394,1,2400
head,1,2,1.3956757419109636,0.3079584836959839,1,2400
head,1,3,0.4984339408874803,0.11072665452957153,1,2400
mlp_group,1,0,2.930544360424392e-05,0.0,1,2400
mlp_group,1,1,2.27188975259196e-05,0.0,1,2400
mlp_group,1,2,9.32088187255431e-05,0.0,1,2400
mlp_group,1,3,4.2054507503053173e-05,0.0,1,2400
mlp_group,1,4,3.1403022148879245e-05,0.0,1,2400
mlp_group,1,5,7.40462310204748e-05,0.0,1,2400
mlp_group,1,6,4.157857983955182e-05,0.0,1,2400
mlp_group,1,7,0.00010045226736110635,0.0,1,2400
head,0,0,0.6583540835126769,0.17993080615997314,1,2500
head,0,1,1.3170901336416136,0.30449825525283813,1,2500
head,0,2,1.1339727439626586,0.25259512662887573,1,2500
head,0,3,1.4412394561513793,0.29411762952804565,1,2500
mlp_group,0,0,0.0013256068050395697,0.0,1,2500
mlp_group,0,1,3.491198003757745e-05,0.0,1,2500
mlp_group,0,2,0.031007759709609672,0.0069203972816467285,1,2500
mlp_group,0,3,0.00012335604697000235,0.0,1,2500
mlp_group,0,4,0.021883141685975716,0.01038062572479248,1,2500
mlp_group,0,5,0.0009474671387579292,0.0,1,2500
mlp_group,0,6,0.011348635394824669,0.003460228443145752,1,2500
mlp_group,0,7,0.0018666191899683326,0.0,1,2500
head,1,0,0.28738389394129626,0.06574392318725586,1,2500
head,1,1,0.6053254999860656,0.16262978315353394,1,2500
head,1,2,1.4106746711477172,0.3079584836959839,1,2500
head,1,3,0.5051311650022399,0.11072665452957153,1,2500
mlp_group,1,0,2.796669286908582e-05,0.0,1,2500
mlp_group,1,1,2.1719599317293614e-05,0.0,1,2500
mlp_group,1,2,9.169489203486592e-05,0.0,1,2500
mlp_group,1,3,4.02483346988447e-05,0.0,1,2500
mlp_group,1,4,2.997690171469003e-05,0.0,1,2500
mlp_group,1,5,7.113714673323557e-05,0.0,1,2500
mlp_group,1,6,3.947834193240851e-05,0.0,1,2500
mlp_group,1,7,9.786855662241578e-05,0.0,1,2500
head,0,0,0.6640950143155351,0.18339097499847412,1,2600
head,0,1,1.3279044925984635,0.3079584836959839,1,2600
head,0,2,1.14506533740132,0.25259512662887573,1,2600
head,0,3,1.4540065824803605,0.2975778579711914,1,2600
mlp_group,0,0,0.0013745830910920631,0.0,1,2600
mlp_group,0,1,3.419095082790591e-05,0.0,1,2600
mlp_group,0,2,0.032127652299095644,0.0069203972816467285,1,2600
mlp_group,0,3,0.00012191710629849695,0.0,1,2600
mlp_group,0,4,0.02288591859905864,0.01038062572479248,1,2600
mlp_group,0,5,0.000971253128227545,0.0,1,2600
mlp_group,0,6,0.011431023460318102,0.003460228443145752,1,2600
mlp_group,0,7,0.0019285299167677294,0.0,1,2600
head,1,0,0.290721356850554,0.06574392318725586,1,2600
head,1,1,0.6169238984402909,0.16262978315353394,1,2600
head,1,2,1.4254156648930802,0.31141871213912964,1,2600
head,1,3,0.5117957293805375,0.11072665452957153,1,2600
mlp_group,1,0,2.671043694135733e-05,0.0,1,2600
mlp_group,1,1,2.077595127047971e-05,0.0,1,2600
mlp_group,1,2,9.043689715326764e-05,0.0,1,2600
mlp_group,1,3,3.856625335174613e-05,0.0,1,2600
mlp_group,1,4,2.8634065529331565e-05,0.0,1,2600
mlp_group,1,5,6.841752110631205e-05,0.0,1,2600
mlp_group,1,6,3.753683631657623e-05,0.0,1,2600
mlp_group,1,7,9.551141920383088e-05,0.0,1,2600
head,0,0,0.6697460528703232,0.17993080615997314,1,2700
head,0,1,1.338627469191124,0.3079584836959839,1,2700
head,0,2,1.1561743136735458,0.25951558351516724,1,2700
head,0,3,1.4667568322511215,0.2975778579711914,1,2700
mlp_group,0,0,0.0014278701746661682,0.0,1,2700
mlp_group,0,1,3.350091355969198e-05,0.0,1,2700
mlp_group,0,2,0.03326110581474495,0.0069203972816467285,1,2700
mlp_group,0,3,0.00012039562352583744,0.0,1,2700
mlp_group,0,4,0.02388835738020134,0.01038062572479248,1,2700
mlp_group,0,5,0.000996769103949191,0.0,1,2700
mlp_group,0,6,0.01150563398914528,0.003460228443145752,1,2700
mlp_group,0,7,0.0019882322994817514,0.0,1,2700
head,1,0,0.29400528634505463,0.06574392318725586,1,2700
head,1,1,0.6284926053376694,0.1660899519920349,1,2700
head,1,2,1.4399685975404282,0.3148788809776306,1,2700
head,1,3,0.5184419270844955,0.11072665452957153,1,2700
mlp_group,1,0,2.5543242372805253e-05,0.0,1,2700
mlp_group,1,1,1.991519457078539e-05,0.0,1,2700
mlp_group,1,2,8.933658318710513e-05,0.0,1,2700
mlp_group,1,3,3.698228465509601e-05,0.0,1,2700
mlp_group,1,4,2.7381112886359915e-05,0.0,1,2700
mlp_group,1,5,6.586097515537404e-05,0.0,1,2700
mlp_group,1,6,3.5731802199734375e-05,0.0,1,2700
mlp_group,1,7,9.333315028925426e-05,0.0,1,2700
head,0,0,0.6752870369236916,0.17993080615997314,1,2800
head,0,1,1.3492526698391885,0.31141871213912964,1,2800
head,0,2,1.16729053738527,0.25951558351516724,1,2800
head,0,3,1.479544012574479,0.2975778579711914,1,2800
mlp_group,0,0,0.0014862969983369112,0.0,1,2800
mlp_group,0,1,3.28648675349541e-05,0.0,1,2800
mlp_group,0,2,0.03439798089675605,0.0069203972816467285,1,2800
mlp_group,0,3,0.00011883409752044827,0.0,1,2800
mlp_group,0,4,0.024897231487557292,0.01038062572479248,1,2800
mlp_group,0,5,0.0010239353869110346,0.0,1,2800
mlp_group,0,6,0.011580080492421985,0.003460228443145752,1,2800
mlp_group,0,7,0.0020473813638091087,0.0,1,2800
head,1,0,0.29727837326936424,0.06574392318725586,1,2800
head,1,1,0.6399934578221291,0.1660899519920349,1,2800
head,1,2,1.4543453145306557,0.3148788809776306,1,2800
head,1,3,0.5250894713681191,0.11418682336807251,1,2800
mlp_group,1,0,2.444986967020668e-05,0.0,1,2800
mlp_group,1,1,1.911381332320161e-05,0.0,1,2800
mlp_group,1,2,8.843330579111353e-05,0.0,1,2800
mlp_group,1,3,3.551336703822017e-05,0.0,1,2800
mlp_group,1,4,2.6208985218545422e-05,0.0,1,2800
mlp_group,1,5,6.345931615214795e-05,0.0,1,2800
mlp_group,1,6,3.404921881156042e-05,0.0,1,2800
mlp_group,1,7,9.13674448383972e-05,0.0,1,2800
head,0,0,0.6807681659611262,0.17993080615997314,1,2900
head,0,1,1.359851990118841,0.3079584836959839,1,2900
head,0,2,1.1784468034657039,0.2560553550720215,1,2900
head,0,3,1.492298040762762,0.2975778579711914,1,2900
mlp_group,0,0,0.001550529492305941,0.0,1,2900
mlp_group,0,1,3.229522371839266e-05,0.0,1,2900
mlp_group,0,2,0.03557679824552906,0.0069203972816467285,1,2900
mlp_group,0,3,0.00011719385474862065,0.0,1,2900
mlp_group,0,4,0.025905244276145822,0.01038062572479248,1,2900
mlp_group,0,5,0.0010530430499784416,0.0,1,2900
mlp_group,0,6,0.011651801169136888,0.003460228443145752,1,2900
mlp_group,0,7,0.002106440011630184,0.0,1,2900
head,1,0,0.3005174437912501,0.06574392318725586,1,2900
head,1,1,0.651523087397436,0.1660899519920349,1,2900
head,1,2,1.468569670096258,0.3148788809776306,1,2900
head,1,3,0.5317011217030085,0.11418682336807251,1,2900
mlp_group,1,0,2.3438582502421923e-05,0.0,1,2900
mlp_group,1,1,1.8373068087385036e-05,0.0,1,2900
mlp_group,1,2,8.770139356784057e-05,0.0,1,2900
mlp_group,1,3,3.414547427382786e-05,0.0,1,2900
mlp_group,1,4,2.51168694376247e-05,0.0,1,2900
mlp_group,1,5,6.11931591265602e-05,0.0,1,2900
mlp_group,1,6,3.2474274121341296e-05,0.0,1,2900
mlp_group,1,7,8.95760294952197e-05,0.0,1,2900
head,0,0,0.6861512437117199,0.18339097499847412,1,3000
head,0,1,1.3704292550337414,0.30449825525283813,1,3000
head,0,2,1.1896431222212414,0.2560553550720215,1,3000
head,0,3,1.5050571933043102,0.2975778579711914,1,3000
mlp_group,0,0,0.0016196355809370289,0.0,1,3000
mlp_group,0,1,3.176225618517492e-05,0.0,1,3000
mlp_group,0,2,0.03676179047943151,0.0069203972816467285,1,3000
mlp_group,0,3,0.00011553958211152349,0.0,1,3000
mlp_group,0,4,0.026919009129414917,0.01038062572479248,1,3000
mlp_group,0,5,0.0010840154372999677,0.0,1,3000
mlp_group,0,6,0.011722577701220871,0.003460228443145752,1,3000
mlp_group,0,7,0.002165650448660017,0.0,1,3000
head,1,0,0.30374524738908804,0.06574392318725586,1,3000
head,1,1,0.6630051508200268,0.1660899519920349,1,3000
head,1,2,1.4826065078032116,0.32179927825927734,1,3000
head,1,3,0.5383491292250255,0.11418682336807251,1,3000
mlp_group,1,0,2.2481714040623046e-05,0.0,1,3000
mlp_group,1,1,1.7695821952656843e-05,0.0,1,3000
mlp_group,1,2,8.711537702765781e-05,0.0,1,3000
mlp_group,1,3,3.2871173971216194e-05,0.0,1,3000
mlp_group,1,4,2.4086612029350363e-05,0.0,1,3000
mlp_group,1,5,5.905550096940715e-05,0.0,1,3000
mlp_group,1,6,3.1006953577161767e-05,0.0,1,3000
mlp_group,1,7,8.792510379862506e-05,0.0,1,3000
head,0,0,0.6914738305895298,0.18339097499847412,1,3100
head,0,1,1.3809363135187596,0.30449825525283813,1,3100
head,0,2,1.2008852251856297,0.2629757523536682,1,3100
head,0,3,1.5178610571711033,0.2975778579711914,1,3100
mlp_group,0,0,0.0016945099741860759,0.0,1,3100
mlp_group,0,1,3.125488728983328e-05,0.0,1,3100
mlp_group,0,2,0.03795003528284724,0.0069203972816467285,1,3100
mlp_group,0,3,0.00011379456191207282,0.0,1,3100
mlp_group,0,4,0.027916010567423655,0.01038062572479248,1,3100
mlp_group,0,5,0.0011168825258209836,0.0,1,3100
mlp_group,0,6,0.011789632128056837,0.003460228443145752,1,3100
mlp_group,0,7,0.0022236924669414293,0.0,1,3100
head,1,0,0.30696227038788493,0.06574392318725586,1,3100
head,1,1,0.6744905599443882,0.1660899519920349,1,3100
head,1,2,1.49656860912728,0.3252595067024231,1,3100
head,1,3,0.5449583419649571,0.12110728025436401,1,3100
mlp_group,1,0,2.159085124731064e-05,0.0,1,3100
mlp_group,1,1,1.7053214833140373e-05,0.0,1,3100
mlp_group,1,2,8.664411507197656e-05,0.0,1,3100
mlp_group,1,3,3.166490569128655e-05,0.0,1,3100
mlp_group,1,4,2.3114916984923184e-05,0.0,1,3100
mlp_group,1,5,5.700518158846535e-05,0.0,1,3100
mlp_group,1,6,2.962332291644998e-05,0.0,1,3100
mlp_group,1,7,8.638994404464029e-05,0.0,1,3100
head,0,0,0.6966981512759958,0.18339097499847412,1,3200
head,0,1,1.3915254098628793,0.3148788809776306,1,3200
head,0,2,1.2121557218288217,0.2629757523536682,1,3200
head,0,3,1.5306672078822885,0.2975778579711914,1,3200
mlp_group,0,0,0.0017758752019290114,0.0,1,3200
mlp_group,0,1,3.0783381589571945e-05,0.0,1,3200
mlp_group,0,2,0.03917656441080908,0.0069203972816467285,1,3200
mlp_group,0,3,0.00011197021558473352,0.0,1,3200
mlp_group,0,4,0.028922300532940426,0.01038062572479248,1,3200
mlp_group,0,5,0.0011515336609591031,0.0,1,3200
mlp_group,0,6,0.011856497012558975,0.003460228443145752,1,3200
mlp_group,0,7,0.0022813139748905087,0.0,1,3200
head,1,0,0.31017299716222624,0.06574392318725586,1,3200
head,1,1,0.6859624010776315,0.1660899519920349,1,3200
head,1,2,1.510399959728602,0.32871973514556885,1,3200
head,1,3,0.5515827161525522,0.12110728025436401,1,3200
mlp_group,1,0,2.074698386422824e-05,0.0,1,3200
mlp_group,1,1,1.6460913684568368e-05,0.0,1,3200
mlp_group,1,2,8.631956188764889e-05,0.0,1,3200
mlp_group,1,3,3.052420106541831e-05,0.0,1,3200
mlp_group,1,4,2.219146517745685e-05,0.0,1,3200
mlp_group,1,5,5.508626236405689e-05,0.0,1,3200
mlp_group,1,6,2.833042344718706e-05,0.0,1,3200
mlp_group,1,7,8.495488327753264e-05,0.0,1,3200
head,0,0,0.701847520260344,0.18339097499847412,1,3300
head,0,1,1.4020142821354966,0.31141871213912964,1,3300
head,0,2,1.2234792975468736,0.26643598079681396,1,3300
head,0,3,1.5434682635350327,0.30103808641433716,1,3300
mlp_group,0,0,0.0018646141506906133,0.0,1,3300
mlp_group,0,1,3.036249108845368e-05,0.0,1,3300
mlp_group,0,2,0.04041189753843355,0.0069203972816467285,1,3300
mlp_group,0,3,0.00011003945473930798,0.0,1,3300
mlp_group,0,4,0.029936483664641855,0.01038062572479248,1,3300
mlp_group,0,5,0.001188373029435752,0.0,1,3300
mlp_group,0,6,0.011926133720407961,0.003460228443145752,1,3300
mlp_group,0,7,0.0023414416464220267,0.0,1,3300
head,1,0,0.31338092365695047,0.06574392318725586,1,3300
head,1,1,0.6974286107106309,0.1660899519920349,1,3300
head,1,2,1.5241562394185166,0.32871973514556885,1,3300
head,1,3,0.5582073596997361,0.12110728025436401,1,3300
mlp_group,1,0,1.994148624362424e-05,0.0,1,3300
mlp_group,1,1,1.590655665495433e-05,0.0,1,3300
mlp_group,1,2,8.617166531621478e-05,0.0,1,3300
mlp_group,1,3,2.9449467547237873e-05,0.0,1,3300
mlp_group,1,4,2.1319574443623424e-05,0.0,1,3300
mlp_group,1,5,5.323446021066047e-05,0.0,1,3300
mlp_group,1,6,2.7095655241282657e-05,0.0,1,3300
mlp_group,1,7,8.36816725495737e-05,0.0,1,3300
head,0,0,0.7068868419519276,0.18339097499847412,1,3400
head,0,1,1.4125542184701771,0.31141871213912964,1,3400
head,0,2,1.2349012634149403,0.26643598079681396,1,3400
head,0,3,1.556280924974999,0.3079584836959839,1,3400
mlp_group,0,0,0.001959701803571079,0.0,1,3400
mlp_group,0,1,2.9946259019197896e-05,0.0,1,3400
mlp_group,0,2,0.041645347177109215,0.0069203972816467285,1,3400
mlp_group,0,3,0.00010808841761900112,0.0,1,3400
mlp_group,0,4,0.03095079123886535,0.01038062572479248,1,3400
mlp_group,0,5,0.0012274545515538193,0.0,1,3400
mlp_group,0,6,0.01198718979867408,0.003460228443145752,1,3400
mlp_group,0,7,0.002398004558926914,0.0,1,3400
head,1,0,0.3165801307550282,0.06574392318725586,1,3400
head,1,1,0.7088746568551869,0.1660899519920349,1,3400
head,1,2,1.537870838343224,0.32871973514556885,1,3400
head,1,3,0.5648129722467274,0.12456744909286499,1,3400
mlp_group,1,0,1.9195780623704195e-05,0.0,1,3400
mlp_group,1,1,1.5376113879028708e-05,0.0,1,3400
mlp_group,1,2,8.606614574091509e-05,0.0,1,3400
mlp_group,1,3,2.8443602786865085e-05,0.0,1,3400
mlp_group,1,4,2.04930329346098e-05,0.0,1,3400
mlp_group,1,5,5.148856871528551e-05,0.0,1,3400
mlp_group,1,6,2.594212128315121e-05,0.0,1,3400
mlp_group,1,7,8.245634671766311e-05,0.0,1,3400
head,0,0,0.7119356816237996,0.18339097499847412,1,3500
head,0,1,1.4231554692214559,0.31141871213912964,1,3500
head,0,2,1.2463735764449666,0.2629757523536682,1,3500
head,0,3,1.569078010839803,0.3079584836959839,1,3500
mlp_group,0,0,0.002063032339719939,0.0,1,3500
mlp_group,0,1,2.955266427306924e-05,0.0,1,3500
mlp_group,0,2,0.04294343791661959,0.0069203972816467285,1,3500
mlp_group,0,3,0.0001061139610101236,0.0,1,3500
mlp_group,0,4,0.031963245344741154,0.01038062572479248,1,3500
mlp_group,0,5,0.0012691760039160727,0.0,1,3500
mlp_group,0,6,0.012050913048369694,0.003460228443145752,1,3500
mlp_group,0,7,0.0024562446469644783,0.0,1,3500
head,1,0,0.31980187944827776,0.06574392318725586,1,3500
head,1,1,0.7203902428573201,0.16955018043518066,1,3500
head,1,2,1.5515058463042806,0.3321799039840698,1,3500
head,1,3,0.5714332287734578,0.12456744909286499,1,3500
mlp_group,1,0,1.8469874703441747e-05,0.0,1,3500
mlp_group,1,1,1.4888986697769724e-05,0.0,1,3500
mlp_group,1,2,8.611722114437725e-05,0.0,1,3500
mlp_group,1,3,2.748886436165776e-05,0.0,1,3500
mlp_group,1,4,1.9706914827111177e-05,0.0,1,3500
mlp_group,1,5,4.97850760439178e-05,0.0,1,3500
mlp_group,1,6,2.4852919523254968e-05,0.0,1,3500
mlp_group,1,7,8.130513560899999e-05,0.0,1,3500
head,0,0,0.7168390141905547,0.18685120344161987,1,3600
head,0,1,1.4337126599730254,0.3148788809776306,1,3600
head,0,2,1.2579553710402251,0.2629757523536682,1,3600
head,0,3,1.5818954097212554,0.30449825525283813,1,3600
mlp_group,0,0,0.0021750168980361195,0.0,1,3600
mlp_group,0,1,2.9176871976233087e-05,0.0,1,3600
mlp_group,0,2,0.04419352357399475,0.01038062572479248,1,3600
mlp_group,0,3,0.00010400013889011461,0.0,1,3600
mlp_group,0,4,0.032976756441712496,0.01038062572479248,1,3600
mlp_group,0,5,0.0013122167310939403,0.0,1,3600
mlp_group,0,6,0.012111112113416311,0.003460228443145752,1,3600
mlp_group,0,7,0.0025118657958955737,0.0,1,3600
head,1,0,0.3230274604738952,0.06574392318725586,1,3600
head,1,1,0.7318581925810577,0.16955018043518066,1,3600
head,1,2,1.5650495873869659,0.3321799039840698,1,3600
head,1,3,0.5780972229422332,0.12456744909286499,1,3600
mlp_group,1,0,1.7782729628379457e-05,0.0,1,3600
mlp_group,1,1,1.4422048479900695e-05,0.0,1,3600
mlp_group,1,2,8.623697249277029e-05,0.0,1,3600
mlp_group,1,3,2.65629878413165e-05,0.0,1,3600
mlp_group,1,4,1.893811895570252e-05,0.0,1,3600
mlp_group,1,5,4.817344051843975e-05,0.0,1,3600
mlp_group,1,6,2.380206024099607e-05,0.0,1,3600
mlp_group,1,7,8.023751615837682e-05,0.0,1,3600
head,0,0,0.7217275095335935,0.18685120344161987,1,3700
head,0,1,1.4443854284636473,0.3148788809776306,1,3700
head,0,2,1.2696136427275633,0.2698962092399597,1,3700
head,0,3,1.594715614353845,0.30103808641433716,1,3700
mlp_group,0,0,0.002294173946211231,0.0,1,3700
mlp_group,0,1,2.8792046578018926e-05,0.0,1,3700
mlp_group,0,2,0.04549157295150508,0.01038062572479248,1,3700
mlp_group,0,3,0.00010180023855355103,0.0,1,3700
mlp_group,0,4,0.0340040628962015,0.01038062572479248,1,3700
mlp_group,0,5,0.0013588165329565527,0.0,1,3700
mlp_group,0,6,0.012168044706413639,0.003460228443145752,1,3700
mlp_group,0,7,0.0025671217754279496,0.003460228443145752,1,3700
head,1,0,0.3262581122271513,0.06920415163040161,1,3700
head,1,1,0.7433079076163267,0.16955018043518066,1,3700
head,1,2,1.578516383206079,0.3356401324272156,1,3700
head,1,3,0.5847150278441404,0.12802767753601074,1,3700
mlp_group,1,0,1.713642450340558e-05,0.0,1,3700
mlp_group,1,1,1.3995118933962658e-05,0.0,1,3700
mlp_group,1,2,8.637170139991213e-05,0.0,1,3700
mlp_group,1,3,2.5687839297461323e-05,0.0,1,3700
mlp_group,1,4,1.8224573068437167e-05,0.0,1,3700
mlp_group,1,5,4.664668995246757e-05,0.0,1,3700
mlp_group,1,6,2.2812653696746565e-05,0.0,1,3700
mlp_group,1,7,7.922144322947133e-05,0.0,1,3700
head,0,0,0.7264826826940407,0.19031143188476562,1,3800
head,0,1,1.4550486140142311,0.32179927825927734,1,3800
head,0,2,1.2813950114141335,0.26643598079681396,1,3800
head,0,3,1.6075302891622414,0.30449825525283813,1,3800
mlp_group,0,0,0.002425418068014551,0.0,1,3800
mlp_group,0,1,2.850634336937219e-05,0.0,1,3800
mlp_group,0,2,0.04675603361829417,0.013840854167938232,1,3800
mlp_group,0,3,9.963748016161844e-05,0.0,1,3800
mlp_group,0,4,0.0350251019190182,0.01038062572479248,1,3800
mlp_group,0,5,0.0014073705024202354,0.0,1,3800
mlp_group,0,6,0.01222714765026467,0.003460228443145752,1,3800
mlp_group,0,7,0.0026250344890286215,0.003460228443145752,1,3800
head,1,0,0.3295310668836464,0.06920415163040161,1,3800
head,1,1,0.7548138432393898,0.16955018043518066,1,3800
head,1,2,1.5919951729665627,0.3425605297088623,1,3800
head,1,3,0.5913650326619972,0.12456744909286499,1,3800
mlp_group,1,0,1.6525995306437835e-05,0.0,1,3800
mlp_group,1,1,1.3590050002676435e-05,0.0,1,3800
mlp_group,1,2,8.664440247230232e-05,0.0,1,3800
mlp_group,1,3,2.487661549821496e-05,0.0,1,3800
mlp_group,1,4,1.7550224583828822e-05,0.0,1,3800
mlp_group,1,5,4.517102934187278e-05,0.0,1,3800
mlp_group,1,6,2.187272912124172e-05,0.0,1,3800
mlp_group,1,7,7.827376975910738e-05,0.0,1,3800
head,0,0,0.7311612036619408,0.19031143188476562,1,3900
head,0,1,1.4657204416189415,0.32179927825927734,1,3900
head,0,2,1.2932290103826745,0.26643598079681396,1,3900
head,0,3,1.620335367003463,0.31141871213912964,1,3900
mlp_group,0,0,0.0025670653749330086,0.0,1,3900
mlp_group,0,1,2.8228122573636938e-05,0.0,1,3900
mlp_group,0,2,0.04809752894379926,0.013840854167938232,1,3900
mlp_group,0,3,9.740381665324094e-05,0.0,1,3900
mlp_group,0,4,0.03605178041198087,0.01038062572479248,1,3900
mlp_group,0,5,0.0014584408681912464,0.0,1,3900
mlp_group,0,6,0.012290821837268595,0.003460228443145752,1,3900
mlp_group,0,7,0.002684054158635263,0.003460228443145752,1,3900
head,1,0,0.3328141537103875,0.06920415163040161,1,3900
head,1,1,0.7663349774275048,0.16955018043518066,1,3900
head,1,2,1.6054362323675377,0.33910036087036133,1,3900
head,1,3,0.5979978707227929,0.12802767753601074,1,3900
mlp_group,1,0,1.5925878869893495e-05,0.0,1,3900
mlp_group,1,1,1.3211366422183346e-05,0.0,1,3900
mlp_group,1,2,8.707708639121847e-05,0.0,1,3900
mlp_group,1,3,2.4086396479106043e-05,0.0,1,3900
mlp_group,1,4,1.6899365618883166e-05,0.0,1,3900
mlp_group,1,5,4.37501594205969e-05,0.0,1,3900
mlp_group,1,6,2.099713765346678e-05,0.0,1,3900
mlp_group,1,7,7.74240079408628e-05,0.0,1,3900
head,0,0,0.7358010422540247,0.1937716007232666,1,4000
head,0,1,1.4764704119515955,0.32179927825927734,1,4000
head,0,2,1.305212796862179,0.2629757523536682,1,4000
head,0,3,1.6331129681420862,0.3079584836959839,1,4000
mlp_group,0,0,0.0027176641960977577,0.0,1,4000
mlp_group,0,1,2.7978207072010264e-05,0.0,1,4000
mlp_group,0,2,0.04940472283487907,0.013840854167938232,1,4000
mlp_group,0,3,9.503535693511367e-05,0.0,1,4000
mlp_group,0,4,0.03708139919763198,0.01038062572479248,1,4000
mlp_group,0,5,0.0015116585054784082,0.0,1,4000
mlp_group,0,6,0.01235075407748809,0.003460228443145752,1,4000
mlp_group,0,7,0.0027427507666288875,0.003460228443145752,1,4000
head,1,0,0.3361223351312219,0.06920415163040161,1,4000
head,1,1,0.7778432380509912,0.16955018043518066,1,4000
head,1,2,1.6188099991632043,0.33910036087036133,1,4000
head,1,3,0.6046106230569421,0.12802767753601074,1,4000
mlp_group,1,0,1.5350513422163203e-05,0.0,1,4000
mlp_group,1,1,1.2855367458541878e-05,0.0,1,4000
mlp_group,1,2,8.742893260205165e-05,0.0,1,4000
mlp_group,1,3,2.332794974790886e-05,0.0,1,4000
mlp_group,1,4,1.626254197617527e-05,0.0,1,4000
mlp_group,1,5,4.237047687638551e-05,0.0,1,4000
mlp_group,1,6,2.0144223526585847e-05,0.0,1,4000
mlp_group,1,7,7.655745866941288e-05,0.0,1,4000
head,0,0,0.7403741523103236,0.1937716007232666,1,4100
head,0,1,1.4873228713349818,0.3252595067024231,1,4100
head,0,2,1.3173299475984095,0.2629757523536682,1,4100
head,0,3,1.6459808989839075,0.3079584836959839,1,4100
mlp_group,0,0,0.0028813222834287444,0.0,1,4100
mlp_group,0,1,2.7697618861566298e-05,0.0,1,4100
mlp_group,0,2,0.05068958992524131,0.013840854167938232,1,4100
mlp_group,0,3,9.279366531700362e-05,0.0,1,4100
mlp_group,0,4,0.03813104400796874,0.01038062572479248,1,4100
mlp_group,0,5,0.0015686245114920894,0.0,1,4100
mlp_group,0,6,0.012399433873724774,0.003460228443145752,1,4100
mlp_group,0,7,0.00279566225981398,0.003460228443145752,1,4100
head,1,0,0.33949235523505195,0.06574392318725586,1,4100
head,1,1,0.7893199368791102,0.17301040887832642,1,4100
head,1,2,1.6322585984544276,0.3425605297088623,1,4100
head,1,3,0.6112767502145289,0.12802767753601074,1,4100
mlp_group,1,0,1.4817618648521602e-05,0.0,1,4100
mlp_group,1,1,1.2520813470473513e-05,0.0,1,4100
mlp_group,1,2,8.790410538495053e-05,0.0,1,4100
mlp_group,1,3,2.261073859699536e-05,0.0,1,4100
mlp_group,1,4,1.566077298775781e-05,0.0,1,4100
mlp_group,1,5,4.108021857973654e-05,0.0,1,4100
mlp_group,1,6,1.933379280671943e-05,0.0,1,4100
mlp_group,1,7,7.57400721340673e-05,0.0,1,4100
head,0,0,0.7448766455045188,0.1937716007232666,1,4200
head,0,1,1.4981830343594993,0.3252595067024231,1,4200
head,0,2,1.3295375332227195,0.2629757523536682,1,4200
head,0,3,1.65881409495978,0.3079584836959839,1,4200
mlp_group,0,0,0.0030566921914214618,0.0,1,4200
mlp_group,0,1,2.745605797827011e-05,0.0,1,4200
mlp_group,0,2,0.05201267450956948,0.013840854167938232,1,4200
mlp_group,0,3,9.054929887497565e-05,0.0,1,4200
mlp_group,0,4,0.039167303591057134,0.01038062572479248,1,4200
mlp_group,0,5,0.001628585973776353,0.0,1,4200
mlp_group,0,6,0.012453461996301485,0.003460228443145752,1,4200
mlp_group,0,7,0.0028512994749689824,0.003460228443145752,1,4200
head,1,0,0.3428764268746818,0.06574392318725586,1,4200
head,1,1,0.8008960112920249,0.17301040887832642,1,4200
head,1,2,1.6457239612927879,0.3425605297088623,1,4200
head,1,3,0.6178993806233848,0.1314879059791565,1,4200
mlp_group,1,0,1.4301645023806486e-05,0.0,1,4200
mlp_group,1,1,1.2197388969070744e-05,0.0,1,4200
mlp_group,1,2,8.844711464917054e-05,0.0,1,4200
mlp_group,1,3,2.1911661860940512e-05,0.0,1,4200
mlp_group,1,4,1.5098593394213822e-05,0.0,1,4200
mlp_group,1,5,3.980065139330691e-05,0.0,1,4200
mlp_group,1,6,1.8557583643996622e-05,0.0,1,4200
mlp_group,1,7,7.496669331885641e-05,0.0,1,4200
head,0,0,0.7493429260957782,0.1937716007232666,1,4300
head,0,1,1.5091300683725422,0.3252595067024231,1,4300
head,0,2,1.3419236617792194,0.26643598079681396,1,4300
head,0,3,1.671674438070113,0.30449825525283813,1,4300
mlp_group,0,0,0.0032451418392156484,0.0,1,4300
mlp_group,0,1,2.73615605692612e-05,0.0,1,4300
mlp_group,0,2,0.053352900098616374,0.013840854167938232,1,4300
mlp_group,0,3,8.828823956719134e-05,0.0,1,4300
mlp_group,0,4,0.04024372274761845,0.013840854167938232,1,4300
mlp_group,0,5,0.0016923849634622457,0.0,1,4300
mlp_group,0,6,0.012522476974481833,0.003460228443145752,1,4300
mlp_group,0,7,0.0029155938118492486,0.003460228443145752,1,4300
head,1,0,0.3463324981439655,0.06574392318725586,1,4300
head,1,1,0.8124298530328815,0.17301040887832642,1,4300
head,1,2,1.6591469722498005,0.3425605297088623,1,4300
head,1,3,0.6245893913019245,0.1314879059791565,1,4300
mlp_group,1,0,1.3807935829390772e-05,0.0,1,4300
mlp_group,1,1,1.1919732060050592e-05,0.0,1,4300
mlp_group,1,2,8.920399159251247e-05,0.0,1,4300
mlp_group,1,3,2.125177525158506e-05,0.0,1,4300
mlp_group,1,4,1.4552912034559995e-05,0.0,1,4300
mlp_group,1,5,3.8600637708441354e-05,0.0,1,4300
mlp_group,1,6,1.7837874111137353e-05,0.0,1,4300
mlp_group,1,7,7.433333121298347e-05,0.0,1,4300
head,0,0,0.7537769255141029,0.1937716007232666,1,4400
head,0,1,1.5201204595068702,0.3252595067024231,1,4400
head,0,2,1.3544463691214332,0.2733563780784607,1,4400
head,0,3,1.6845820722082863,0.30449825525283813,1,4400
mlp_group,0,0,0.003446394475759007,0.0,1,4400
mlp_group,0,1,2.7209251129534096e-05,0.0,1,4400
mlp_group,0,2,0.05469677866494749,0.013840854167938232,1,4400
mlp_group,0,3,8.597527630627155e-05,0.0,1,4400
mlp_group,0,4,0.041318992982269265,0.013840854167938232,1,4400
mlp_group,0,5,0.0017586480971658602,0.0,1,4400
mlp_group,0,6,0.012565177763462998,0.003460228443145752,1,4400
mlp_group,0,7,0.002969354754895903,0.003460228443145752,1,4400
head,1,0,0.3498246845701942,0.06574392318725586,1,4400
head,1,1,0.8240382251242409,0.17301040887832642,1,4400
head,1,2,1.6725674447516212,0.3425605297088623,1,4400
head,1,3,0.6313043412665138,0.1314879059791565,1,4400
mlp_group,1,0,1.3337325071915984e-05,0.0,1,4400
mlp_group,1,1,1.163838169304654e-05,0.0,1,4400
mlp_group,1,2,8.980221173260361e-05,0.0,1,4400
mlp_group,1,3,2.0633127860492095e-05,0.0,1,4400
mlp_group,1,4,1.4028677469468676e-05,0.0,1,4400
mlp_group,1,5,3.744264176930301e-05,0.0,1,4400
mlp_group,1,6,1.7135072994278744e-05,0.0,1,4400
mlp_group,1,7,7.356770220212638e-05,0.0,1,4400
head,0,0,0.7581246262743662,0.19031143188476562,1,4500
head,0,1,1.5311458474352548,0.3252595067024231,1,4500
head,0,2,1.367062605018873,0.27681660652160645,1,4500
head,0,3,1.6974805957033823,0.30449825525283813,1,4500
mlp_group,0,0,0.0036655669428000692,0.0,1,4500
mlp_group,0,1,2.7082744054496288e-05,0.0,1,4500
mlp_group,0,2,0.055995973791141296,0.013840854167938232,1,4500
mlp_group,0,3,8.372234515263699e-05,0.0,1,4500
mlp_group,0,4,0.04238704129602411,0.013840854167938232,1,4500
mlp_group,0,5,0.001828715354349697,0.0,1,4500
mlp_group,0,6,0.012615512157935882,0.003460228443145752,1,4500
mlp_group,0,7,0.0030273909542302135,0.003460228443145752,1,4500
head,1,0,0.3533826833918283,0.06574392318725586,1,4500
head,1,1,0.8355953460886667,0.1764705777168274,1,4500
head,1,2,1.6859987145617197,0.34602075815200806,1,4500
head,1,3,0.6379464632227609,0.1314879059791565,1,4500
mlp_group,1,0,1.2873309970018454e-05,0.0,1,4500
mlp_group,1,1,1.1362788427504711e-05,0.0,1,4500
mlp_group,1,2,9.041446537594311e-05,0.0,1,4500
mlp_group,1,3,2.000086533371359e-05,0.0,1,4500
mlp_group,1,4,1.3502372894436121e-05,0.0,1,4500
mlp_group,1,5,3.629285129136406e-05,0.0,1,4500
mlp_group,1,6,1.6460317056044005e-05,0.0,1,4500
mlp_group,1,7,7.284310777322389e-05,0.0,1,4500
head,0,0,0.7623927399863533,0.19031143188476562,1,4600
head,0,1,1.5422930524100593,0.31833910942077637,1,4600
head,0,2,1.3798607394446663,0.27681660652160645,1,4600
head,0,3,1.7104426429023079,0.30449825525283813,1,4600
mlp_group,0,0,0.0039022376176944817,0.0,1,4600
mlp_group,0,1,2.7104545551992487e-05,0.0,1,4600
mlp_group,0,2,0.05733425844209705,0.013840854167938232,1,4600
mlp_group,0,3,8.158989203366218e-05,0.0,1,4600
mlp_group,0,4,0.04350102621810947,0.013840854167938232,1,4600
mlp_group,0,5,0.0019023262311748113,0.0,1,4600
mlp_group,0,6,0.012677924928539142,0.003460228443145752,1,4600
mlp_group,0,7,0.0030909767256162013,0.003460228443145752,1,4600
head,1,0,0.3570368692626289,0.06574392318725586,1,4600
head,1,1,0.8472804829825691,0.17993080615997314,1,4600
head,1,2,1.6994851634253791,0.34602075815200806,1,4600
head,1,3,0.6446654007186225,0.1314879059791565,1,4600
mlp_group,1,0,1.2444358617358375e-05,0.0,1,4600
mlp_group,1,1,1.1124316188215744e-05,0.0,1,4600
mlp_group,1,2,9.1411714493006e-05,0.0,1,4600
mlp_group,1,3,1.942469043569872e-05,0.0,1,4600
mlp_group,1,4,1.3025982298131566e-05,0.0,1,4600
mlp_group,1,5,3.52226225004415e-05,0.0,1,4600
mlp_group,1,6,1.582515051268274e-05,0.0,1,4600
mlp_group,1,7,7.228448794194264e-05,0.0,1,4600
head,0,0,0.7665711773752264,0.19031143188476562,1,4700
head,0,1,1.5534552468179754,0.31833910942077637,1,4700
head,0,2,1.392803682219892,0.2802768349647522,1,4700
head,0,3,1.723363174331098,0.30449825525283813,1,4700
mlp_group,0,0,0.004148660898863454,0.0,1,4700
mlp_group,0,1,2.7077121558249928e-05,0.0,1,4700
mlp_group,0,2,0.05863539708843746,0.013840854167938232,1,4700
mlp_group,0,3,7.941693365864921e-05,0.0,1,4700
mlp_group,0,4,0.04462058303943195,0.013840854167938232,1,4700
mlp_group,0,5,0.0019822162303171353,0.0,1,4700
mlp_group,0,6,0.012728411909847637,0.003460228443145752,1,4700
mlp_group,0,7,0.0031489922857872443,0.003460228443145752,1,4700
head,1,0,0.36069916023006954,0.06574392318725586,1,4700
head,1,1,0.8588979972719244,0.18339097499847412,1,4700
head,1,2,1.7128559483408026,0.34602075815200806,1,4700
head,1,3,0.651378823649793,0.1314879059791565,1,4700
mlp_group,1,0,1.2025717296637595e-05,0.0,1,4700
mlp_group,1,1,1.0906456736847758e-05,0.0,1,4700
mlp_group,1,2,9.222666449204553e-05,0.0,1,4700
mlp_group,1,3,1.8864182493416592e-05,0.0,1,4700
mlp_group,1,4,1.2554126442410052e-05,0.0,1,4700
mlp_group,1,5,3.416886647755746e-05,0.0,1,4700
mlp_group,1,6,1.522297679912299e-05,0.0,1,4700
mlp_group,1,7,7.168159390857909e-05,0.0,1,4700
head,0,0,0.77065695037345,0.19031143188476562,1,4800
head,0,1,1.5647295783946902,0.31833910942077637,1,4800
head,0,2,1.4059065650890261,0.27681660652160645,1,4800
head,0,3,1.736391789812842,0.30449825525283813,1,4800
mlp_group,0,0,0.004414370816448354,0.0,1,4800
mlp_group,0,1,2.706359555304516e-05,0.0,1,4800
mlp_group,0,2,0.05994303484658303,0.013840854167938232,1,4800
mlp_group,0,3,7.735334111202974e-05,0.0,1,4800
mlp_group,0,4,0.04574609508017602,0.013840854167938232,1,4800
mlp_group,0,5,0.002063668633127236,0.0,1,4800
mlp_group,0,6,0.012772053081789636,0.003460228443145752,1,4800
mlp_group,0,7,0.0032073131969809765,0.003460228443145752,1,4800
head,1,0,0.3644504319618136,0.07266438007354736,1,4800
head,1,1,0.8705372284839541,0.18685120344161987,1,4800
head,1,2,1.7263083528468997,0.3494809865951538,1,4800
head,1,3,0.6580973934123904,0.1314879059791565,1,4800
mlp_group,1,0,1.1612022717599757e-05,0.0,1,4800
mlp_group,1,1,1.0682417268981226e-05,0.0,1,4800
mlp_group,1,2,9.303463775722776e-05,0.0,1,4800
mlp_group,1,3,1.8313579857931472e-05,0.0,1,4800
mlp_group,1,4,1.2097529179300182e-05,0.0,1,4800
mlp_group,1,5,3.314684181532357e-05,0.0,1,4800
mlp_group,1,6,1.4620387446484528e-05,0.0,1,4800
mlp_group,1,7,7.106746670615394e-05,0.0,1,4800
head,0,0,0.7748842790424533,0.19031143188476562,1,4900
head,0,1,1.5760154679119296,0.32179927825927734,1,4900
head,0,2,1.4191880181133456,0.2802768349647522,1,4900
head,0,3,1.7494591429531283,0.30449825525283813,1,4900
mlp_group,0,0,0.004705713752628071,0.0,1,4900
mlp_group,0,1,2.7169226086698472e-05,0.0,1,4900
mlp_group,0,2,0.06128784936663578,0.013840854167938232,1,4900
mlp_group,0,3,7.524885950260796e-05,0.0,1,4900
mlp_group,0,4,0.04692018699643086,0.013840854167938232,1,4900
mlp_group,0,5,0.0021503359712369274,0.0,1,4900
mlp_group,0,6,0.012813088640541537,0.003460228443145752,1,4900
mlp_group,0,7,0.0032650187313265633,0.003460228443145752,1,4900
head,1,0,0.36830880787965725,0.07266438007354736,1,4900
head,1,1,0.8822472050487704,0.18685120344161987,1,4900
head,1,2,1.7399429037868686,0.3494809865951538,1,4900
head,1,3,0.6648951723873324,0.1314879059791565,1,4900
mlp_group,1,0,1.123008769354783e-05,0.0,1,4900
mlp_group,1,1,1.048848389473278e-05,0.0,1,4900
mlp_group,1,2,9.397731992066838e-05,0.0,1,4900
mlp_group,1,3,1.780009552021511e-05,0.0,1,4900
mlp_group,1,4,1.1669390005408786e-05,0.0,1,4900
mlp_group,1,5,3.219653444830328e-05,0.0,1,4900
mlp_group,1,6,1.4074719729251228e-05,0.0,1,4900
mlp_group,1,7,7.043736331979744e-05,0.0,1,4900
head,0,0,0.7788986689811281,0.19031143188476562,1,5000
head,0,1,1.5873262412314944,0.32179927825927734,1,5000
head,0,2,1.43261654446178,0.2837370038032532,1,5000
head,0,3,1.762594652867847,0.30449825525283813,1,5000
mlp_group,0,0,0.005013889207475586,0.0,1,5000
mlp_group,0,1,2.7458518161438406e-05,0.0,1,5000
mlp_group,0,2,0.06258395085387747,0.013840854167938232,1,5000
mlp_group,0,3,7.337238275795244e-05,0.0,1,5000
mlp_group,0,4,0.048160234040551586,0.013840854167938232,1,5000
mlp_group,0,5,0.0022402801951102447,0.0,1,5000
mlp_group,0,6,0.012881284153991146,0.003460228443145752,1,5000
mlp_group,0,7,0.0033371353456459474,0.003460228443145752,1,5000
head,1,0,0.37218408057742636,0.07266438007354736,1,5000
head,1,1,0.8940086490874819,0.19031143188476562,1,5000
head,1,2,1.7534894473319582,0.3494809865951538,1,5000
head,1,3,0.6716394550567202,0.13494807481765747,1,5000
mlp_group,1,0,1.0868774552363902e-05,0.0,1,5000
mlp_group,1,1,1.0322981324861757e-05,0.0,1,5000
mlp_group,1,2,9.526113353786059e-05,0.0,1,5000
mlp_group,1,3,1.7304335415246896e-05,0.0,1,5000
mlp_group,1,4,1.1266824003541842e-05,0.0,1,5000
mlp_group,1,5,3.125528382952325e-05,0.0,1,5000
mlp_group,1,6,1.3533992387237959e-05,0.0,1,5000
mlp_group,1,7,7.001637641224079e-05,0.0,1,5000
